Endpoint,Family,Lab,Type,USD/image @1MP,Price basis,Max MP,Size options,Aspect ratios,Image input?,Mask/inpaint?,LoRA?,Style/ref?,Batch max,Strongest side,Weakest side,Strongest use-cases,Weakest use-cases
fal-ai/hunyuan_world,3D/world minis,Tencent,i2i,0.15,$0.15 per image,,fixed,fixed,Yes,No,No,No,1,"Image-to-3D/world experiments (Hunyuan World, Hi3D).",Early tech.,3D asset prototyping.,Production 3D.
hitem3d/hi3d/image-to-relief,3D/world minis,Hitem3D,i2i,0.2,$0.2 per generation,,fixed,fixed,Yes,No,No,No,1,"Image-to-3D/world experiments (Hunyuan World, Hi3D).",Early tech.,3D asset prototyping.,Production 3D.
fal-ai/emu-3.5-image/edit-image,Autoregressive misc,,i2i,0.15,$0.15 (parsed loosely),,"480p, 720p","auto, 21:9, 16:9, 4:3, 3:2, 1:1, 2:3, 3:4, 9:16, 9:21",Yes,No,No,No,1,"AR-based generators (Infinity, Emu) — different failure modes than diffusion.",Behind diffusion on fidelity.,Research comparisons.,Production.
fal-ai/emu-3.5-image/text-to-image,Autoregressive misc,,t2i,0.15,$0.15 (parsed loosely),,"480p, 720p","21:9, 16:9, 4:3, 3:2, 1:1, 2:3, 3:4, 9:16, 9:21",No,No,No,No,1,"AR-based generators (Infinity, Emu) — different failure modes than diffusion.",Behind diffusion on fidelity.,Research comparisons.,Production.
fal-ai/birefnet,Background removal,,i2i,,billed per GPU compute-second,,fixed,fixed,Yes,No,No,No,1,"Specialist cutout models (BiRefNet, RMBG, Bria) — clean edges at scale.",Single task.,"E-commerce cutouts, batch compositing prep.",Anything else.
fal-ai/birefnet/v2,Background removal,,i2i,,billed per GPU compute-second,,fixed,fixed,Yes,No,No,No,1,"Specialist cutout models (BiRefNet, RMBG, Bria) — clean edges at scale.",Single task.,"E-commerce cutouts, batch compositing prep.",Anything else.
fal-ai/feynobg,Background removal,feyninc,i2i,0.001,$0.001 per generation,,fixed,fixed,Yes,No,No,No,1,"Specialist cutout models (BiRefNet, RMBG, Bria) — clean edges at scale.",Single task.,"E-commerce cutouts, batch compositing prep.",Anything else.
fal-ai/imageutils/rembg,Background removal,,i2i,,billed per GPU compute-second,,fixed,fixed,Yes,No,No,No,1,"Specialist cutout models (BiRefNet, RMBG, Bria) — clean edges at scale.",Single task.,"E-commerce cutouts, batch compositing prep.",Anything else.
pixelcut/background-removal,Background removal,Pixelcut,i2i,0.016,$0.016 per image,,fixed,fixed,Yes,No,No,No,1,"Specialist cutout models (BiRefNet, RMBG, Bria) — clean edges at scale.",Single task.,"E-commerce cutouts, batch compositing prep.",Anything else.
smoretalk-ai/rembg-enhance,Background removal,Smoretalk AI,i2i,0.006,$0.006 per generation,,fixed,fixed,Yes,No,No,No,1,"Specialist cutout models (BiRefNet, RMBG, Bria) — clean edges at scale.",Single task.,"E-commerce cutouts, batch compositing prep.",Anything else.
fal-ai/boogu-image,Boogu,,t2i,0.04,$0.04/MP x 1MP,1.1,"square_hd, square, portrait_4_3, portrait_16_9, landscape_4_3, landscape_16_9",via image_size,No,No,No,No,4,Niche lab generator.,Unknown quantity.,Evaluation.,Production.
fal-ai/boogu-image/edit,Boogu,,i2i,0.04,$0.04/MP x 1MP,1.1,"square_hd, square, portrait_4_3, portrait_16_9, landscape_4_3, landscape_16_9",via image_size,Yes,No,No,No,4,Niche lab generator.,Unknown quantity.,Evaluation.,Production.
bria/embed-product,Bria,Bria AI,i2i,0.04,$0.04 per image,,fixed,fixed,No,No,No,No,1,Fully licensed training data with indemnification; solid commercial-safe generation and editing.,Quality a tier below the frontier; conservative outputs.,"Legal-sensitive enterprise work, stock-replacement imagery.",Edgy or highly stylized creative.
bria/extract-object,Bria,Bria AI,i2i,0.02,$0.02 per image,,fixed,fixed,Yes,No,No,No,1,Fully licensed training data with indemnification; solid commercial-safe generation and editing.,Quality a tier below the frontier; conservative outputs.,"Legal-sensitive enterprise work, stock-replacement imagery.",Edgy or highly stylized creative.
bria/genfill/v2,Bria,Bria AI,i2i,0.04,$0.04/MP x 1MP,,fixed,fixed,Yes,Yes,No,No,1,Fully licensed training data with indemnification; solid commercial-safe generation and editing.,Quality a tier below the frontier; conservative outputs.,"Legal-sensitive enterprise work, stock-replacement imagery.",Edgy or highly stylized creative.
bria/product-dimensions,Bria,Bria AI,i2i,0.04,$0.04 per image,,fixed,fixed,No,No,No,Yes,1,Fully licensed training data with indemnification; solid commercial-safe generation and editing.,Quality a tier below the frontier; conservative outputs.,"Legal-sensitive enterprise work, stock-replacement imagery.",Edgy or highly stylized creative.
bria/replace-background,Bria,Bria AI,i2i,0.04,$0.04 per image,,fixed,fixed,Yes,No,No,No,1,Fully licensed training data with indemnification; solid commercial-safe generation and editing.,Quality a tier below the frontier; conservative outputs.,"Legal-sensitive enterprise work, stock-replacement imagery.",Edgy or highly stylized creative.
bria/upscale/creative,Bria,Bria AI,i2i,0.04,$0.04 per image,,fixed,fixed,Yes,No,No,No,1,Fully licensed training data with indemnification; solid commercial-safe generation and editing.,Quality a tier below the frontier; conservative outputs.,"Legal-sensitive enterprise work, stock-replacement imagery.",Edgy or highly stylized creative.
fal-ai/bria/background/remove,Bria,Bria AI,i2i,0.018,$0.018 per generation,,fixed,fixed,Yes,No,No,No,1,Fully licensed training data with indemnification; solid commercial-safe generation and editing.,Quality a tier below the frontier; conservative outputs.,"Legal-sensitive enterprise work, stock-replacement imagery.",Edgy or highly stylized creative.
fal-ai/bria/background/replace,Bria,Bria AI,i2i,0.04,$0.04 per generation,,fixed,fixed,Yes,No,No,No,4,Fully licensed training data with indemnification; solid commercial-safe generation and editing.,Quality a tier below the frontier; conservative outputs.,"Legal-sensitive enterprise work, stock-replacement imagery.",Edgy or highly stylized creative.
fal-ai/bria/eraser,Bria,Bria AI,i2i,0.04,$0.04 per generation,,fixed,fixed,Yes,Yes,No,No,1,Fully licensed training data with indemnification; solid commercial-safe generation and editing.,Quality a tier below the frontier; conservative outputs.,"Legal-sensitive enterprise work, stock-replacement imagery.",Edgy or highly stylized creative.
fal-ai/bria/expand,Bria,Bria AI,i2i,0.04,$0.04 per generation,,fixed,"1:1, 2:3, 3:2, 3:4, 4:3, 4:5, 5:4, 9:16, 16:9",Yes,No,No,No,1,Fully licensed training data with indemnification; solid commercial-safe generation and editing.,Quality a tier below the frontier; conservative outputs.,"Legal-sensitive enterprise work, stock-replacement imagery.",Edgy or highly stylized creative.
fal-ai/bria/genfill,Bria,Bria AI,i2i,0.04,$0.04 per generation,,fixed,fixed,Yes,Yes,No,No,4,Fully licensed training data with indemnification; solid commercial-safe generation and editing.,Quality a tier below the frontier; conservative outputs.,"Legal-sensitive enterprise work, stock-replacement imagery.",Edgy or highly stylized creative.
fal-ai/bria/product-shot,Bria,Bria AI,i2i,0.04,$0.04 per generation,,fixed,fixed,Yes,No,No,No,1,Fully licensed training data with indemnification; solid commercial-safe generation and editing.,Quality a tier below the frontier; conservative outputs.,"Legal-sensitive enterprise work, stock-replacement imagery.",Edgy or highly stylized creative.
fal-ai/bria/reimagine,Bria,Bria AI,i2i,0.04,$0.04 per generation,,fixed,fixed,No,No,No,No,1,Fully licensed training data with indemnification; solid commercial-safe generation and editing.,Quality a tier below the frontier; conservative outputs.,"Legal-sensitive enterprise work, stock-replacement imagery.",Edgy or highly stylized creative.
fal-ai/bria/text-to-image/base,Bria,Bria AI,t2i,0.04,$0.04 per generation,,fixed,"1:1, 2:3, 3:2, 3:4, 4:3, 4:5, 5:4, 9:16, 16:9",No,No,No,No,4,Fully licensed training data with indemnification; solid commercial-safe generation and editing.,Quality a tier below the frontier; conservative outputs.,"Legal-sensitive enterprise work, stock-replacement imagery.",Edgy or highly stylized creative.
fal-ai/bria/text-to-image/fast,Bria,Bria AI,t2i,0.028,$0.028 per generation,,fixed,"1:1, 2:3, 3:2, 3:4, 4:3, 4:5, 5:4, 9:16, 16:9",No,No,No,No,4,Fully licensed training data with indemnification; solid commercial-safe generation and editing.,Quality a tier below the frontier; conservative outputs.,"Legal-sensitive enterprise work, stock-replacement imagery.",Edgy or highly stylized creative.
fal-ai/bria/text-to-image/hd,Bria,Bria AI,t2i,0.04,$0.04 per generation,,fixed,"1:1, 2:3, 3:2, 3:4, 4:3, 4:5, 5:4, 9:16, 16:9",No,No,No,No,4,Fully licensed training data with indemnification; solid commercial-safe generation and editing.,Quality a tier below the frontier; conservative outputs.,"Legal-sensitive enterprise work, stock-replacement imagery.",Edgy or highly stylized creative.
bria/fibo-bbq-preview/generate,Bria FIBO,Bria AI,t2i,0.04,$0.04 per image,,fixed,"1:1, 2:3, 3:2, 3:4, 4:3, 4:5, 5:4, 9:16, 16:9",Yes,No,No,No,1,"JSON-native structured prompting trained on licensed data — repeatable, parameter-locked generation for enterprises.",Aesthetic ceiling below frontier consumer models.,"Regulated-industry creative, template-driven ad variants at scale.",One-off artistic exploration.
bria/fibo-edit/add_object_by_text,Bria FIBO,Bria AI,i2i,0.04,$0.04 per image,,fixed,fixed,Yes,No,No,No,1,"JSON-native structured prompting trained on licensed data — repeatable, parameter-locked generation for enterprises.",Aesthetic ceiling below frontier consumer models.,"Regulated-industry creative, template-driven ad variants at scale.",One-off artistic exploration.
bria/fibo-edit/blend,Bria FIBO,Bria AI,i2i,0.04,$0.04 per image,,fixed,fixed,Yes,No,No,No,1,"JSON-native structured prompting trained on licensed data — repeatable, parameter-locked generation for enterprises.",Aesthetic ceiling below frontier consumer models.,"Regulated-industry creative, template-driven ad variants at scale.",One-off artistic exploration.
bria/fibo-edit/colorize,Bria FIBO,Bria AI,i2i,0.04,$0.04 per image,,fixed,fixed,Yes,No,No,No,1,"JSON-native structured prompting trained on licensed data — repeatable, parameter-locked generation for enterprises.",Aesthetic ceiling below frontier consumer models.,"Regulated-industry creative, template-driven ad variants at scale.",One-off artistic exploration.
bria/fibo-edit/edit,Bria FIBO,Bria AI,i2i,0.04,$0.04 per image,,fixed,fixed,Yes,Yes,No,No,1,"JSON-native structured prompting trained on licensed data — repeatable, parameter-locked generation for enterprises.",Aesthetic ceiling below frontier consumer models.,"Regulated-industry creative, template-driven ad variants at scale.",One-off artistic exploration.
bria/fibo-edit/erase_by_text,Bria FIBO,Bria AI,i2i,0.04,$0.04 per image,,fixed,fixed,Yes,No,No,No,1,"JSON-native structured prompting trained on licensed data — repeatable, parameter-locked generation for enterprises.",Aesthetic ceiling below frontier consumer models.,"Regulated-industry creative, template-driven ad variants at scale.",One-off artistic exploration.
bria/fibo-edit/relight,Bria FIBO,Bria AI,i2i,0.04,$0.04 per image,,fixed,fixed,Yes,No,No,No,1,"JSON-native structured prompting trained on licensed data — repeatable, parameter-locked generation for enterprises.",Aesthetic ceiling below frontier consumer models.,"Regulated-industry creative, template-driven ad variants at scale.",One-off artistic exploration.
bria/fibo-edit/replace_object_by_text,Bria FIBO,Bria AI,i2i,0.04,$0.04 per image,,fixed,fixed,Yes,No,No,No,1,"JSON-native structured prompting trained on licensed data — repeatable, parameter-locked generation for enterprises.",Aesthetic ceiling below frontier consumer models.,"Regulated-industry creative, template-driven ad variants at scale.",One-off artistic exploration.
bria/fibo-edit/reseason,Bria FIBO,Bria AI,i2i,0.04,$0.04 per image,,fixed,fixed,Yes,No,No,No,1,"JSON-native structured prompting trained on licensed data — repeatable, parameter-locked generation for enterprises.",Aesthetic ceiling below frontier consumer models.,"Regulated-industry creative, template-driven ad variants at scale.",One-off artistic exploration.
bria/fibo-edit/restore,Bria FIBO,Bria AI,i2i,0.04,$0.04 per image,,fixed,fixed,Yes,No,No,No,1,"JSON-native structured prompting trained on licensed data — repeatable, parameter-locked generation for enterprises.",Aesthetic ceiling below frontier consumer models.,"Regulated-industry creative, template-driven ad variants at scale.",One-off artistic exploration.
bria/fibo-edit/restyle,Bria FIBO,Bria AI,i2i,0.04,$0.04 per image,,fixed,fixed,Yes,No,No,Yes,1,"JSON-native structured prompting trained on licensed data — repeatable, parameter-locked generation for enterprises.",Aesthetic ceiling below frontier consumer models.,"Regulated-industry creative, template-driven ad variants at scale.",One-off artistic exploration.
bria/fibo-edit/rewrite_text,Bria FIBO,Bria AI,i2i,0.04,$0.04 per image,,fixed,fixed,Yes,No,No,No,1,"JSON-native structured prompting trained on licensed data — repeatable, parameter-locked generation for enterprises.",Aesthetic ceiling below frontier consumer models.,"Regulated-industry creative, template-driven ad variants at scale.",One-off artistic exploration.
bria/fibo-edit/sketch_to_colored_image,Bria FIBO,Bria AI,i2i,0.04,$0.04 per image,,fixed,fixed,Yes,No,No,No,1,"JSON-native structured prompting trained on licensed data — repeatable, parameter-locked generation for enterprises.",Aesthetic ceiling below frontier consumer models.,"Regulated-industry creative, template-driven ad variants at scale.",One-off artistic exploration.
bria/fibo-lite/generate,Bria FIBO,Bria AI,t2i,0.036,$0.036 per image,,fixed,"1:1, 2:3, 3:2, 3:4, 4:3, 4:5, 5:4, 9:16, 16:9",Yes,No,No,No,1,"JSON-native structured prompting trained on licensed data — repeatable, parameter-locked generation for enterprises.",Aesthetic ceiling below frontier consumer models.,"Regulated-industry creative, template-driven ad variants at scale.",One-off artistic exploration.
bria/fibo/generate,Bria FIBO,Bria AI,t2i,0.04,$0.04 per image,,"1MP, 4MP","1:1, 2:3, 3:2, 3:4, 4:3, 4:5, 5:4, 9:16, 16:9",Yes,No,No,No,1,"JSON-native structured prompting trained on licensed data — repeatable, parameter-locked generation for enterprises.",Aesthetic ceiling below frontier consumer models.,"Regulated-industry creative, template-driven ad variants at scale.",One-off artistic exploration.
fal-ai/bernini-r/edit-image,ByteDance Image misc,Bytedance,i2i,0.03,$0.03/MP x 1MP,,fixed,fixed,Yes,No,No,No,1,Bernini-R image mode — renderer-grade editing.,Renderer-only limits.,Style transfer experiments.,Human-centric gen.
pixelcut/product-photo,E-commerce tools,Pixelcut,i2i,0.024,$0.024 per image,1.1,"square_hd, square, portrait_4_3, portrait_16_9, landscape_4_3, landscape_16_9",via image_size,Yes,No,No,No,1,Product-photo staging (Pixelcut).,Template-bound.,Marketplace listing images.,Brand campaigns.
fal-ai/bagel,Edit specialists misc,,t2i,0.1,$0.1 per image,,fixed,fixed,No,No,No,No,1,"Single-purpose research editors (ChronoEdit, DreamOmni, StepX...) — some beat generalists on their niche.",Fragmented; per-model quirks.,Specific edit tasks after testing the exact model.,General-purpose editing.
fal-ai/bagel/edit,Edit specialists misc,,i2i,0.1,$0.1 per image,,fixed,fixed,Yes,No,No,No,1,"Single-purpose research editors (ChronoEdit, DreamOmni, StepX...) — some beat generalists on their niche.",Fragmented; per-model quirks.,Specific edit tasks after testing the exact model.,General-purpose editing.
fal-ai/chrono-edit,Edit specialists misc,,i2i,0.02,$0.02 per 720p image,,"480p, 720p",fixed,Yes,No,No,No,1,"Single-purpose research editors (ChronoEdit, DreamOmni, StepX...) — some beat generalists on their niche.",Fragmented; per-model quirks.,Specific edit tasks after testing the exact model.,General-purpose editing.
fal-ai/chrono-edit-lora,Edit specialists misc,,i2i,0.03,$0.03 per 720p image,,"480p, 720p",fixed,Yes,No,Yes,No,1,"Single-purpose research editors (ChronoEdit, DreamOmni, StepX...) — some beat generalists on their niche.",Fragmented; per-model quirks.,Specific edit tasks after testing the exact model.,General-purpose editing.
fal-ai/chrono-edit-lora-gallery/paintbrush,Edit specialists misc,,i2i,0.03,$0.03 per 720p image,,"480p, 720p",fixed,Yes,Yes,Yes,No,1,"Single-purpose research editors (ChronoEdit, DreamOmni, StepX...) — some beat generalists on their niche.",Fragmented; per-model quirks.,Specific edit tasks after testing the exact model.,General-purpose editing.
fal-ai/dreamomni2/edit,Edit specialists misc,,i2i,0.05,$0.05 per image,,fixed,fixed,Yes,No,No,No,1,"Single-purpose research editors (ChronoEdit, DreamOmni, StepX...) — some beat generalists on their niche.",Fragmented; per-model quirks.,Specific edit tasks after testing the exact model.,General-purpose editing.
fal-ai/firered-image-edit,Edit specialists misc,,i2i,0.0325,$0.0325 (parsed loosely),1.1,"square_hd, square, portrait_4_3, portrait_16_9, landscape_4_3, landscape_16_9",via image_size,Yes,No,No,No,4,"Single-purpose research editors (ChronoEdit, DreamOmni, StepX...) — some beat generalists on their niche.",Fragmented; per-model quirks.,Specific edit tasks after testing the exact model.,General-purpose editing.
fal-ai/firered-image-edit-v1.1,Edit specialists misc,FireRed,i2i,0.0325,$0.0325/MP x 1MP,1.1,"square_hd, square, portrait_4_3, portrait_16_9, landscape_4_3, landscape_16_9",via image_size,Yes,No,No,No,4,"Single-purpose research editors (ChronoEdit, DreamOmni, StepX...) — some beat generalists on their niche.",Fragmented; per-model quirks.,Specific edit tasks after testing the exact model.,General-purpose editing.
fal-ai/flowedit,Edit specialists misc,,i2i,,billed per GPU compute-second,,fixed,fixed,Yes,No,No,No,1,"Single-purpose research editors (ChronoEdit, DreamOmni, StepX...) — some beat generalists on their niche.",Fragmented; per-model quirks.,Specific edit tasks after testing the exact model.,General-purpose editing.
fal-ai/hy-wu-edit,Edit specialists misc,,i2i,0.1,$0.1 (parsed loosely),1.1,"auto, square_hd, square, portrait_4_3, portrait_16_9, landscape_4_3, landscape_16_9",via image_size,Yes,No,No,No,4,"Single-purpose research editors (ChronoEdit, DreamOmni, StepX...) — some beat generalists on their niche.",Fragmented; per-model quirks.,Specific edit tasks after testing the exact model.,General-purpose editing.
fal-ai/inpaint,Edit specialists misc,,i2i,,billed per GPU compute-second,,fixed,fixed,Yes,Yes,No,No,1,"Single-purpose research editors (ChronoEdit, DreamOmni, StepX...) — some beat generalists on their niche.",Fragmented; per-model quirks.,Specific edit tasks after testing the exact model.,General-purpose editing.
fal-ai/joyai-image-edit,Edit specialists misc,,i2i,0.1,$0.1/MP x 1MP,,fixed,fixed,Yes,No,No,No,1,"Single-purpose research editors (ChronoEdit, DreamOmni, StepX...) — some beat generalists on their niche.",Fragmented; per-model quirks.,Specific edit tasks after testing the exact model.,General-purpose editing.
fal-ai/lora/inpaint,Edit specialists misc,,i2i,,billed per GPU compute-second,,fixed,fixed,Yes,Yes,Yes,No,8,"Single-purpose research editors (ChronoEdit, DreamOmni, StepX...) — some beat generalists on their niche.",Fragmented; per-model quirks.,Specific edit tasks after testing the exact model.,General-purpose editing.
fal-ai/omni-zero,Edit specialists misc,,i2i,,billed per GPU compute-second,,fixed,fixed,Yes,No,No,No,1,"Single-purpose research editors (ChronoEdit, DreamOmni, StepX...) — some beat generalists on their niche.",Fragmented; per-model quirks.,Specific edit tasks after testing the exact model.,General-purpose editing.
fal-ai/stepx-edit2,Edit specialists misc,,i2i,0.2,$0.2/MP x 1MP,,fixed,fixed,Yes,No,No,No,1,"Single-purpose research editors (ChronoEdit, DreamOmni, StepX...) — some beat generalists on their niche.",Fragmented; per-model quirks.,Specific edit tasks after testing the exact model.,General-purpose editing.
fal-ai/uno,Edit specialists misc,,i2i,0.05,$0.05/MP x 1MP,1.1,"square_hd, square, portrait_4_3, portrait_16_9, landscape_4_3, landscape_16_9",via image_size,No,No,No,No,4,"Single-purpose research editors (ChronoEdit, DreamOmni, StepX...) — some beat generalists on their niche.",Fragmented; per-model quirks.,Specific edit tasks after testing the exact model.,General-purpose editing.
fal-ai/uso,Edit specialists misc,,i2i,0.1,$0.1/MP x 1MP,1.1,"square_hd, square, portrait_4_3, portrait_16_9, landscape_4_3, landscape_16_9",via image_size,No,No,No,No,4,"Single-purpose research editors (ChronoEdit, DreamOmni, StepX...) — some beat generalists on their niche.",Fragmented; per-model quirks.,Specific edit tasks after testing the exact model.,General-purpose editing.
fal-ai/ernie-image,Ernie Image,Baidu,t2i,0.03,$0.03/MP x 1MP,1.1,"square_hd, square, portrait_4_3, portrait_16_9, landscape_4_3, landscape_16_9, square_uhd, portrait_3_2, landscape_3_2, portrait_hd, landscape_hd",via image_size,No,No,No,No,4,Baidu's generator with solid Chinese-language understanding.,Little independent evaluation; conservative outputs.,Chinese-market content.,Everything else — better-known peers exist.
fal-ai/ernie-image/lora,Ernie Image,Baidu,t2i,0.035,$0.035/MP x 1MP,1.1,"square_hd, square, portrait_4_3, portrait_16_9, landscape_4_3, landscape_16_9, square_uhd, portrait_3_2, landscape_3_2, portrait_hd, landscape_hd",via image_size,No,No,Yes,No,4,Baidu's generator with solid Chinese-language understanding.,Little independent evaluation; conservative outputs.,Chinese-market content.,Everything else — better-known peers exist.
fal-ai/ernie-image/lora/turbo,Ernie Image,Baidu,t2i,0.015,$0.015/MP x 1MP,1.1,"square_hd, square, portrait_4_3, portrait_16_9, landscape_4_3, landscape_16_9, square_uhd, portrait_3_2, landscape_3_2, portrait_hd, landscape_hd",via image_size,No,No,Yes,No,4,Baidu's generator with solid Chinese-language understanding.,Little independent evaluation; conservative outputs.,Chinese-market content.,Everything else — better-known peers exist.
fal-ai/ernie-image/turbo,Ernie Image,Baidu,t2i,0.01,$0.01/MP x 1MP,1.1,"square_hd, square, portrait_4_3, portrait_16_9, landscape_4_3, landscape_16_9, square_uhd, portrait_3_2, landscape_3_2, portrait_hd, landscape_hd",via image_size,No,No,No,No,4,Baidu's generator with solid Chinese-language understanding.,Little independent evaluation; conservative outputs.,Chinese-market content.,Everything else — better-known peers exist.
fal-ai/flux-pro/v1.1,FLUX 1.1 Pro,Black Forest Labs,t2i,0.04,$0.04/MP x 1MP,1.1,"square_hd, square, portrait_4_3, portrait_16_9, landscape_4_3, landscape_16_9",via image_size,No,No,No,No,4,Strong aesthetics-per-dollar with ultra/raw modes at 4MP.,Closed weights; superseded by FLUX.2 Pro for most briefs.,"Marketing stills, moodboards, quick premium drafts.",Editing workflows — it is generation-only.
fal-ai/flux-pro/v1.1-ultra,FLUX 1.1 Pro,Black Forest Labs,t2i,0.06,$0.06 per image,,fixed,"21:9, 16:9, 4:3, 3:2, 1:1, 2:3, 3:4, 9:16, 9:21",Yes,No,No,No,4,Strong aesthetics-per-dollar with ultra/raw modes at 4MP.,Closed weights; superseded by FLUX.2 Pro for most briefs.,"Marketing stills, moodboards, quick premium drafts.",Editing workflows — it is generation-only.
fal-ai/flux-pro/v1.1-ultra-finetuned,FLUX 1.1 Pro,Black Forest Labs,t2i,0.07,$0.07 per image,,fixed,"21:9, 16:9, 4:3, 3:2, 1:1, 2:3, 3:4, 9:16, 9:21",Yes,No,No,No,4,Strong aesthetics-per-dollar with ultra/raw modes at 4MP.,Closed weights; superseded by FLUX.2 Pro for most briefs.,"Marketing stills, moodboards, quick premium drafts.",Editing workflows — it is generation-only.
fal-ai/flux-pro/v1.1-ultra/redux,FLUX 1.1 Pro,Black Forest Labs,i2i,0.05,$0.05/MP x 1MP,,fixed,"21:9, 16:9, 4:3, 3:2, 1:1, 2:3, 3:4, 9:16, 9:21",Yes,No,No,No,4,Strong aesthetics-per-dollar with ultra/raw modes at 4MP.,Closed weights; superseded by FLUX.2 Pro for most briefs.,"Marketing stills, moodboards, quick premium drafts.",Editing workflows — it is generation-only.
fal-ai/flux-pro/v1.1/redux,FLUX 1.1 Pro,Black Forest Labs,i2i,0.05,$0.05/MP x 1MP,1.1,"square_hd, square, portrait_4_3, portrait_16_9, landscape_4_3, landscape_16_9",via image_size,Yes,No,No,No,4,Strong aesthetics-per-dollar with ultra/raw modes at 4MP.,Closed weights; superseded by FLUX.2 Pro for most briefs.,"Marketing stills, moodboards, quick premium drafts.",Editing workflows — it is generation-only.
fal-ai/flux-control-lora-canny,FLUX ControlNet,Black Forest Labs,t2i,0.04,$0.04/MP x 1MP,1.1,"square_hd, square, portrait_4_3, portrait_16_9, landscape_4_3, landscape_16_9",via image_size,Yes,No,Yes,No,4,Depth/canny-conditioned FLUX generation for layout-locked output.,Control fidelity below dedicated SDXL ControlNet stacks for some maps.,"Product-in-layout shots, architecture from linework, pose-locked characters.",Freeform creative generation.
fal-ai/flux-control-lora-canny/image-to-image,FLUX ControlNet,Black Forest Labs,i2i,0.04,$0.04/MP x 1MP,1.1,"square_hd, square, portrait_4_3, portrait_16_9, landscape_4_3, landscape_16_9",via image_size,Yes,No,Yes,No,4,Depth/canny-conditioned FLUX generation for layout-locked output.,Control fidelity below dedicated SDXL ControlNet stacks for some maps.,"Product-in-layout shots, architecture from linework, pose-locked characters.",Freeform creative generation.
fal-ai/flux-control-lora-depth,FLUX ControlNet,Black Forest Labs,t2i,0.04,$0.04/MP x 1MP,1.1,"square_hd, square, portrait_4_3, portrait_16_9, landscape_4_3, landscape_16_9",via image_size,Yes,No,Yes,No,4,Depth/canny-conditioned FLUX generation for layout-locked output.,Control fidelity below dedicated SDXL ControlNet stacks for some maps.,"Product-in-layout shots, architecture from linework, pose-locked characters.",Freeform creative generation.
fal-ai/flux-control-lora-depth/image-to-image,FLUX ControlNet,Black Forest Labs,i2i,0.04,$0.04/MP x 1MP,1.1,"square_hd, square, portrait_4_3, portrait_16_9, landscape_4_3, landscape_16_9",via image_size,Yes,No,Yes,No,4,Depth/canny-conditioned FLUX generation for layout-locked output.,Control fidelity below dedicated SDXL ControlNet stacks for some maps.,"Product-in-layout shots, architecture from linework, pose-locked characters.",Freeform creative generation.
fal-ai/flux-kontext-lora,FLUX Kontext,Black Forest Labs,i2i,0.035,$0.035/MP x 1MP,,fixed,fixed,Yes,No,Yes,No,4,In-context editing with plain-language instructions on FLUX quality; dev/pro/max tiers.,Single-image focus; complex multi-step edits drift; superseded by FLUX.2 edit modes.,"One-shot object swaps, restyles, text replacement in existing images.","Multi-image composition, identity-across-scenes work."
fal-ai/flux-kontext-lora/inpaint,FLUX Kontext,Black Forest Labs,i2i,0.035,$0.035/MP x 1MP,,fixed,fixed,Yes,Yes,Yes,No,4,In-context editing with plain-language instructions on FLUX quality; dev/pro/max tiers.,Single-image focus; complex multi-step edits drift; superseded by FLUX.2 edit modes.,"One-shot object swaps, restyles, text replacement in existing images.","Multi-image composition, identity-across-scenes work."
fal-ai/flux-kontext-lora/text-to-image,FLUX Kontext,Black Forest Labs,t2i,0.035,$0.035/MP x 1MP,1.1,"square_hd, square, portrait_4_3, portrait_16_9, landscape_4_3, landscape_16_9",via image_size,No,No,Yes,No,4,In-context editing with plain-language instructions on FLUX quality; dev/pro/max tiers.,Single-image focus; complex multi-step edits drift; superseded by FLUX.2 edit modes.,"One-shot object swaps, restyles, text replacement in existing images.","Multi-image composition, identity-across-scenes work."
fal-ai/flux-kontext/dev,FLUX Kontext,Black Forest Labs,i2i,0.025,$0.025/MP x 1MP,,fixed,fixed,Yes,No,No,No,4,In-context editing with plain-language instructions on FLUX quality; dev/pro/max tiers.,Single-image focus; complex multi-step edits drift; superseded by FLUX.2 edit modes.,"One-shot object swaps, restyles, text replacement in existing images.","Multi-image composition, identity-across-scenes work."
fal-ai/flux-pro/kontext,FLUX Kontext,Black Forest Labs,i2i,0.04,$0.04 per image,,fixed,"21:9, 16:9, 4:3, 3:2, 1:1, 2:3, 3:4, 9:16, 9:21",Yes,No,No,No,4,In-context editing with plain-language instructions on FLUX quality; dev/pro/max tiers.,Single-image focus; complex multi-step edits drift; superseded by FLUX.2 edit modes.,"One-shot object swaps, restyles, text replacement in existing images.","Multi-image composition, identity-across-scenes work."
fal-ai/flux-pro/kontext/max,FLUX Kontext,Black Forest Labs,i2i,0.08,$0.08 per image,,fixed,"21:9, 16:9, 4:3, 3:2, 1:1, 2:3, 3:4, 9:16, 9:21",Yes,No,No,No,4,In-context editing with plain-language instructions on FLUX quality; dev/pro/max tiers.,Single-image focus; complex multi-step edits drift; superseded by FLUX.2 edit modes.,"One-shot object swaps, restyles, text replacement in existing images.","Multi-image composition, identity-across-scenes work."
fal-ai/flux-pro/kontext/max/multi,FLUX Kontext,Black Forest Labs,i2i,0.08,$0.08 per image,,fixed,"21:9, 16:9, 4:3, 3:2, 1:1, 2:3, 3:4, 9:16, 9:21",Yes,No,No,No,4,In-context editing with plain-language instructions on FLUX quality; dev/pro/max tiers.,Single-image focus; complex multi-step edits drift; superseded by FLUX.2 edit modes.,"One-shot object swaps, restyles, text replacement in existing images.","Multi-image composition, identity-across-scenes work."
fal-ai/flux-pro/kontext/max/text-to-image,FLUX Kontext,Black Forest Labs,t2i,0.08,$0.08 per image,,fixed,"21:9, 16:9, 4:3, 3:2, 1:1, 2:3, 3:4, 9:16, 9:21",No,No,No,No,4,In-context editing with plain-language instructions on FLUX quality; dev/pro/max tiers.,Single-image focus; complex multi-step edits drift; superseded by FLUX.2 edit modes.,"One-shot object swaps, restyles, text replacement in existing images.","Multi-image composition, identity-across-scenes work."
fal-ai/flux-pro/kontext/multi,FLUX Kontext,Black Forest Labs,i2i,0.04,$0.04 per image,,fixed,"21:9, 16:9, 4:3, 3:2, 1:1, 2:3, 3:4, 9:16, 9:21",Yes,No,No,No,4,In-context editing with plain-language instructions on FLUX quality; dev/pro/max tiers.,Single-image focus; complex multi-step edits drift; superseded by FLUX.2 edit modes.,"One-shot object swaps, restyles, text replacement in existing images.","Multi-image composition, identity-across-scenes work."
fal-ai/flux-pro/kontext/text-to-image,FLUX Kontext,Black Forest Labs,t2i,0.04,$0.04 per image,,fixed,"21:9, 16:9, 4:3, 3:2, 1:1, 2:3, 3:4, 9:16, 9:21",No,No,No,No,4,In-context editing with plain-language instructions on FLUX quality; dev/pro/max tiers.,Single-image focus; complex multi-step edits drift; superseded by FLUX.2 edit modes.,"One-shot object swaps, restyles, text replacement in existing images.","Multi-image composition, identity-across-scenes work."
fal-ai/flux-krea-lora,FLUX Krea,Black Forest Labs,t2i,0.035,$0.035/MP x 1MP,1.1,"square_hd, square, portrait_4_3, portrait_16_9, landscape_4_3, landscape_16_9",via image_size,No,No,Yes,No,4,"Krea's aesthetic finetune of FLUX — opinionated, less 'AI-looking' output.",Narrower prompt range; the strong look is hard to steer away from.,"Fashion, lifestyle and design-forward social content.","Neutral/documentary styles, precise brand-color control."
fal-ai/flux-krea-lora/image-to-image,FLUX Krea,Black Forest Labs,i2i,0.035,$0.035/MP x 1MP,1.1,"square_hd, square, portrait_4_3, portrait_16_9, landscape_4_3, landscape_16_9",via image_size,Yes,No,Yes,No,4,"Krea's aesthetic finetune of FLUX — opinionated, less 'AI-looking' output.",Narrower prompt range; the strong look is hard to steer away from.,"Fashion, lifestyle and design-forward social content.","Neutral/documentary styles, precise brand-color control."
fal-ai/flux-krea-lora/inpainting,FLUX Krea,Black Forest Labs,i2i,0.035,$0.035/MP x 1MP,1.1,"square_hd, square, portrait_4_3, portrait_16_9, landscape_4_3, landscape_16_9",via image_size,Yes,Yes,Yes,No,4,"Krea's aesthetic finetune of FLUX — opinionated, less 'AI-looking' output.",Narrower prompt range; the strong look is hard to steer away from.,"Fashion, lifestyle and design-forward social content.","Neutral/documentary styles, precise brand-color control."
fal-ai/flux-krea-lora/stream,FLUX Krea,Black Forest Labs,t2i,0.035,$0.035/MP x 1MP,1.1,"square_hd, square, portrait_4_3, portrait_16_9, landscape_4_3, landscape_16_9",via image_size,No,No,Yes,No,4,"Krea's aesthetic finetune of FLUX — opinionated, less 'AI-looking' output.",Narrower prompt range; the strong look is hard to steer away from.,"Fashion, lifestyle and design-forward social content.","Neutral/documentary styles, precise brand-color control."
fal-ai/flux/krea,FLUX Krea,Black Forest Labs,t2i,0.025,$0.025/MP x 1MP,1.1,"square_hd, square, portrait_4_3, portrait_16_9, landscape_4_3, landscape_16_9",via image_size,No,No,No,No,4,"Krea's aesthetic finetune of FLUX — opinionated, less 'AI-looking' output.",Narrower prompt range; the strong look is hard to steer away from.,"Fashion, lifestyle and design-forward social content.","Neutral/documentary styles, precise brand-color control."
fal-ai/flux/krea/image-to-image,FLUX Krea,Black Forest Labs,i2i,0.025,$0.025/MP x 1MP,,fixed,fixed,Yes,No,No,No,4,"Krea's aesthetic finetune of FLUX — opinionated, less 'AI-looking' output.",Narrower prompt range; the strong look is hard to steer away from.,"Fashion, lifestyle and design-forward social content.","Neutral/documentary styles, precise brand-color control."
fal-ai/flux/krea/redux,FLUX Krea,Black Forest Labs,i2i,0.025,$0.025/MP x 1MP,1.1,"square_hd, square, portrait_4_3, portrait_16_9, landscape_4_3, landscape_16_9",via image_size,Yes,No,No,No,4,"Krea's aesthetic finetune of FLUX — opinionated, less 'AI-looking' output.",Narrower prompt range; the strong look is hard to steer away from.,"Fashion, lifestyle and design-forward social content.","Neutral/documentary styles, precise brand-color control."
fal-ai/flux-general,FLUX LoRA,Black Forest Labs,t2i,0.075,$0.075/MP x 1MP,1.1,"square_hd, square, portrait_4_3, portrait_16_9, landscape_4_3, landscape_16_9",via image_size,No,No,Yes,No,10,FLUX.1 with arbitrary community LoRAs — the largest style ecosystem anywhere.,Quality rides on the LoRA; stacking them degrades coherence.,"Brand-style pipelines, character consistency via trained LoRAs, stylized volume work.",Zero-setup one-offs — training or picking LoRAs is the workflow.
fal-ai/flux-general/differential-diffusion,FLUX LoRA,Black Forest Labs,i2i,,billed per GPU compute-second,1.1,"square_hd, square, portrait_4_3, portrait_16_9, landscape_4_3, landscape_16_9",via image_size,Yes,No,Yes,No,10,FLUX.1 with arbitrary community LoRAs — the largest style ecosystem anywhere.,Quality rides on the LoRA; stacking them degrades coherence.,"Brand-style pipelines, character consistency via trained LoRAs, stylized volume work.",Zero-setup one-offs — training or picking LoRAs is the workflow.
fal-ai/flux-general/image-to-image,FLUX LoRA,Black Forest Labs,i2i,0.075,$0.075/MP x 1MP,1.1,"square_hd, square, portrait_4_3, portrait_16_9, landscape_4_3, landscape_16_9",via image_size,Yes,No,Yes,No,10,FLUX.1 with arbitrary community LoRAs — the largest style ecosystem anywhere.,Quality rides on the LoRA; stacking them degrades coherence.,"Brand-style pipelines, character consistency via trained LoRAs, stylized volume work.",Zero-setup one-offs — training or picking LoRAs is the workflow.
fal-ai/flux-general/inpainting,FLUX LoRA,Black Forest Labs,i2i,0.075,$0.075/MP x 1MP,1.1,"square_hd, square, portrait_4_3, portrait_16_9, landscape_4_3, landscape_16_9",via image_size,Yes,Yes,Yes,No,10,FLUX.1 with arbitrary community LoRAs — the largest style ecosystem anywhere.,Quality rides on the LoRA; stacking them degrades coherence.,"Brand-style pipelines, character consistency via trained LoRAs, stylized volume work.",Zero-setup one-offs — training or picking LoRAs is the workflow.
fal-ai/flux-general/rf-inversion,FLUX LoRA,Black Forest Labs,i2i,,billed per GPU compute-second,1.1,"square_hd, square, portrait_4_3, portrait_16_9, landscape_4_3, landscape_16_9",via image_size,Yes,No,Yes,No,10,FLUX.1 with arbitrary community LoRAs — the largest style ecosystem anywhere.,Quality rides on the LoRA; stacking them degrades coherence.,"Brand-style pipelines, character consistency via trained LoRAs, stylized volume work.",Zero-setup one-offs — training or picking LoRAs is the workflow.
fal-ai/flux-lora,FLUX LoRA,Black Forest Labs,t2i,0.035,$0.035/MP x 1MP,1.1,"square_hd, square, portrait_4_3, portrait_16_9, landscape_4_3, landscape_16_9",via image_size,No,No,Yes,No,4,FLUX.1 with arbitrary community LoRAs — the largest style ecosystem anywhere.,Quality rides on the LoRA; stacking them degrades coherence.,"Brand-style pipelines, character consistency via trained LoRAs, stylized volume work.",Zero-setup one-offs — training or picking LoRAs is the workflow.
fal-ai/flux-lora-canny,FLUX LoRA,Black Forest Labs,i2i,0.035,$0.035/MP x 1MP,1.1,"square_hd, square, portrait_4_3, portrait_16_9, landscape_4_3, landscape_16_9",via image_size,Yes,No,Yes,No,4,FLUX.1 with arbitrary community LoRAs — the largest style ecosystem anywhere.,Quality rides on the LoRA; stacking them degrades coherence.,"Brand-style pipelines, character consistency via trained LoRAs, stylized volume work.",Zero-setup one-offs — training or picking LoRAs is the workflow.
fal-ai/flux-lora-depth,FLUX LoRA,Black Forest Labs,i2i,0.035,$0.035/MP x 1MP,1.1,"square_hd, square, portrait_4_3, portrait_16_9, landscape_4_3, landscape_16_9",via image_size,Yes,No,Yes,No,4,FLUX.1 with arbitrary community LoRAs — the largest style ecosystem anywhere.,Quality rides on the LoRA; stacking them degrades coherence.,"Brand-style pipelines, character consistency via trained LoRAs, stylized volume work.",Zero-setup one-offs — training or picking LoRAs is the workflow.
fal-ai/flux-lora-fill,FLUX LoRA,Black Forest Labs,i2i,0.035,$0.035/MP x 1MP,1.1,"square_hd, square, portrait_4_3, portrait_16_9, landscape_4_3, landscape_16_9",via image_size,Yes,Yes,Yes,No,4,FLUX.1 with arbitrary community LoRAs — the largest style ecosystem anywhere.,Quality rides on the LoRA; stacking them degrades coherence.,"Brand-style pipelines, character consistency via trained LoRAs, stylized volume work.",Zero-setup one-offs — training or picking LoRAs is the workflow.
fal-ai/flux-lora/image-to-image,FLUX LoRA,Black Forest Labs,i2i,0.035,$0.035/MP x 1MP,1.1,"square_hd, square, portrait_4_3, portrait_16_9, landscape_4_3, landscape_16_9",via image_size,Yes,No,Yes,No,4,FLUX.1 with arbitrary community LoRAs — the largest style ecosystem anywhere.,Quality rides on the LoRA; stacking them degrades coherence.,"Brand-style pipelines, character consistency via trained LoRAs, stylized volume work.",Zero-setup one-offs — training or picking LoRAs is the workflow.
fal-ai/flux-lora/inpainting,FLUX LoRA,Black Forest Labs,t2i,0.035,$0.035/MP x 1MP,1.1,"square_hd, square, portrait_4_3, portrait_16_9, landscape_4_3, landscape_16_9",via image_size,Yes,Yes,Yes,No,4,FLUX.1 with arbitrary community LoRAs — the largest style ecosystem anywhere.,Quality rides on the LoRA; stacking them degrades coherence.,"Brand-style pipelines, character consistency via trained LoRAs, stylized volume work.",Zero-setup one-offs — training or picking LoRAs is the workflow.
fal-ai/flux-lora/stream,FLUX LoRA,Black Forest Labs,t2i,0.035,$0.035/MP x 1MP,1.1,"square_hd, square, portrait_4_3, portrait_16_9, landscape_4_3, landscape_16_9",via image_size,No,No,Yes,No,4,FLUX.1 with arbitrary community LoRAs — the largest style ecosystem anywhere.,Quality rides on the LoRA; stacking them degrades coherence.,"Brand-style pipelines, character consistency via trained LoRAs, stylized volume work.",Zero-setup one-offs — training or picking LoRAs is the workflow.
fal-ai/flux-pro/v1/erase,FLUX Pro,Black Forest Labs,i2i,0.03,$0.03 (parsed loosely),,fixed,fixed,Yes,Yes,No,No,1,The original FLUX quality tier; stable and battle-tested.,Two generations old now.,Legacy pipelines pinned to its look.,New projects.
fal-ai/flux-pro/v1/fill,FLUX Pro,Black Forest Labs,i2i,0.05,$0.05/MP x 1MP,,fixed,fixed,Yes,Yes,No,No,4,The original FLUX quality tier; stable and battle-tested.,Two generations old now.,Legacy pipelines pinned to its look.,New projects.
fal-ai/flux-pro/v1/fill-finetuned,FLUX Pro,Black Forest Labs,i2i,0.06,$0.06/MP x 1MP,,fixed,fixed,Yes,Yes,No,No,4,The original FLUX quality tier; stable and battle-tested.,Two generations old now.,Legacy pipelines pinned to its look.,New projects.
fal-ai/flux-pro/v1/vto,FLUX Pro,Black Forest Labs,i2i,0.0475,$0.0475 per 1024x1024 (from example),,fixed,fixed,No,No,No,No,1,The original FLUX quality tier; stable and battle-tested.,Two generations old now.,Legacy pipelines pinned to its look.,New projects.
fal-ai/flux-1/dev,FLUX.1,Black Forest Labs,t2i,0.025,$0.025/MP x 1MP,1.1,"square_hd, square, portrait_4_3, portrait_16_9, landscape_4_3, landscape_16_9",via image_size,No,No,No,No,4,"The workhorse open family (dev/schnell): huge ecosystem, predictable quality, cheap and fast.",Superseded by FLUX.2 on realism and text; weak hands/fine anatomy by 2026 standards.,"High-volume drafts, LoRA-based pipelines, self-hosted products already built on FLUX.1.","Frontier-quality client work, accurate long text."
fal-ai/flux-1/dev/image-to-image,FLUX.1,Black Forest Labs,i2i,0.025,$0.025/MP x 1MP,,fixed,fixed,Yes,No,No,No,4,"The workhorse open family (dev/schnell): huge ecosystem, predictable quality, cheap and fast.",Superseded by FLUX.2 on realism and text; weak hands/fine anatomy by 2026 standards.,"High-volume drafts, LoRA-based pipelines, self-hosted products already built on FLUX.1.","Frontier-quality client work, accurate long text."
fal-ai/flux-1/dev/redux,FLUX.1,Black Forest Labs,i2i,0.025,$0.025/MP x 1MP,1.1,"square_hd, square, portrait_4_3, portrait_16_9, landscape_4_3, landscape_16_9",via image_size,Yes,No,No,No,4,"The workhorse open family (dev/schnell): huge ecosystem, predictable quality, cheap and fast.",Superseded by FLUX.2 on realism and text; weak hands/fine anatomy by 2026 standards.,"High-volume drafts, LoRA-based pipelines, self-hosted products already built on FLUX.1.","Frontier-quality client work, accurate long text."
fal-ai/flux-1/krea,FLUX.1,Black Forest Labs,t2i,0.025,$0.025/MP x 1MP,1.1,"square_hd, square, portrait_4_3, portrait_16_9, landscape_4_3, landscape_16_9",via image_size,No,No,No,No,4,"The workhorse open family (dev/schnell): huge ecosystem, predictable quality, cheap and fast.",Superseded by FLUX.2 on realism and text; weak hands/fine anatomy by 2026 standards.,"High-volume drafts, LoRA-based pipelines, self-hosted products already built on FLUX.1.","Frontier-quality client work, accurate long text."
fal-ai/flux-1/krea/image-to-image,FLUX.1,Black Forest Labs,i2i,0.025,$0.025/MP x 1MP,,fixed,fixed,Yes,No,No,No,4,"The workhorse open family (dev/schnell): huge ecosystem, predictable quality, cheap and fast.",Superseded by FLUX.2 on realism and text; weak hands/fine anatomy by 2026 standards.,"High-volume drafts, LoRA-based pipelines, self-hosted products already built on FLUX.1.","Frontier-quality client work, accurate long text."
fal-ai/flux-1/krea/redux,FLUX.1,Black Forest Labs,i2i,0.025,$0.025/MP x 1MP,1.1,"square_hd, square, portrait_4_3, portrait_16_9, landscape_4_3, landscape_16_9",via image_size,Yes,No,No,No,4,"The workhorse open family (dev/schnell): huge ecosystem, predictable quality, cheap and fast.",Superseded by FLUX.2 on realism and text; weak hands/fine anatomy by 2026 standards.,"High-volume drafts, LoRA-based pipelines, self-hosted products already built on FLUX.1.","Frontier-quality client work, accurate long text."
fal-ai/flux-1/schnell,FLUX.1,Black Forest Labs,t2i,0.003,$0.003/MP x 1MP,1.1,"square_hd, square, portrait_4_3, portrait_16_9, landscape_4_3, landscape_16_9",via image_size,No,No,No,No,4,"The workhorse open family (dev/schnell): huge ecosystem, predictable quality, cheap and fast.",Superseded by FLUX.2 on realism and text; weak hands/fine anatomy by 2026 standards.,"High-volume drafts, LoRA-based pipelines, self-hosted products already built on FLUX.1.","Frontier-quality client work, accurate long text."
fal-ai/flux-1/schnell/redux,FLUX.1,Black Forest Labs,i2i,0.003,$0.003/MP x 1MP,1.1,"square_hd, square, portrait_4_3, portrait_16_9, landscape_4_3, landscape_16_9",via image_size,Yes,No,No,No,4,"The workhorse open family (dev/schnell): huge ecosystem, predictable quality, cheap and fast.",Superseded by FLUX.2 on realism and text; weak hands/fine anatomy by 2026 standards.,"High-volume drafts, LoRA-based pipelines, self-hosted products already built on FLUX.1.","Frontier-quality client work, accurate long text."
fal-ai/flux-1/srpo,FLUX.1,Black Forest Labs,t2i,0.025,$0.025/MP x 1MP,1.1,"square_hd, square, portrait_4_3, portrait_16_9, landscape_4_3, landscape_16_9",via image_size,No,No,No,No,4,"The workhorse open family (dev/schnell): huge ecosystem, predictable quality, cheap and fast.",Superseded by FLUX.2 on realism and text; weak hands/fine anatomy by 2026 standards.,"High-volume drafts, LoRA-based pipelines, self-hosted products already built on FLUX.1.","Frontier-quality client work, accurate long text."
fal-ai/flux-1/srpo/image-to-image,FLUX.1,Black Forest Labs,i2i,0.025,$0.025/MP x 1MP,,fixed,fixed,Yes,No,No,No,4,"The workhorse open family (dev/schnell): huge ecosystem, predictable quality, cheap and fast.",Superseded by FLUX.2 on realism and text; weak hands/fine anatomy by 2026 standards.,"High-volume drafts, LoRA-based pipelines, self-hosted products already built on FLUX.1.","Frontier-quality client work, accurate long text."
fal-ai/flux-pulid,FLUX.1,Black Forest Labs,i2i,0.0333,$0.0333/MP x 1MP,1.1,"square_hd, square, portrait_4_3, portrait_16_9, landscape_4_3, landscape_16_9",via image_size,No,No,No,No,1,"The workhorse open family (dev/schnell): huge ecosystem, predictable quality, cheap and fast.",Superseded by FLUX.2 on realism and text; weak hands/fine anatomy by 2026 standards.,"High-volume drafts, LoRA-based pipelines, self-hosted products already built on FLUX.1.","Frontier-quality client work, accurate long text."
fal-ai/flux-subject,FLUX.1,Black Forest Labs,t2i,0.04,$0.04/MP x 1MP,1.1,"square_hd, square, portrait_4_3, portrait_16_9, landscape_4_3, landscape_16_9",via image_size,Yes,No,No,No,4,"The workhorse open family (dev/schnell): huge ecosystem, predictable quality, cheap and fast.",Superseded by FLUX.2 on realism and text; weak hands/fine anatomy by 2026 standards.,"High-volume drafts, LoRA-based pipelines, self-hosted products already built on FLUX.1.","Frontier-quality client work, accurate long text."
fal-ai/flux-vision-upscaler,FLUX.1,Black Forest Labs,i2i,0.1,$0.1/MP x 1MP,,fixed,fixed,Yes,No,No,No,1,"The workhorse open family (dev/schnell): huge ecosystem, predictable quality, cheap and fast.",Superseded by FLUX.2 on realism and text; weak hands/fine anatomy by 2026 standards.,"High-volume drafts, LoRA-based pipelines, self-hosted products already built on FLUX.1.","Frontier-quality client work, accurate long text."
fal-ai/flux/dev,FLUX.1,Black Forest Labs,t2i,0.025,$0.025/MP x 1MP,1.1,"square_hd, square, portrait_4_3, portrait_16_9, landscape_4_3, landscape_16_9",via image_size,No,No,No,No,4,"The workhorse open family (dev/schnell): huge ecosystem, predictable quality, cheap and fast.",Superseded by FLUX.2 on realism and text; weak hands/fine anatomy by 2026 standards.,"High-volume drafts, LoRA-based pipelines, self-hosted products already built on FLUX.1.","Frontier-quality client work, accurate long text."
fal-ai/flux/dev/image-to-image,FLUX.1,Black Forest Labs,i2i,0.03,$0.03/MP x 1MP,,fixed,fixed,Yes,No,No,No,4,"The workhorse open family (dev/schnell): huge ecosystem, predictable quality, cheap and fast.",Superseded by FLUX.2 on realism and text; weak hands/fine anatomy by 2026 standards.,"High-volume drafts, LoRA-based pipelines, self-hosted products already built on FLUX.1.","Frontier-quality client work, accurate long text."
fal-ai/flux/dev/redux,FLUX.1,Black Forest Labs,i2i,0.025,$0.025/MP x 1MP,1.1,"square_hd, square, portrait_4_3, portrait_16_9, landscape_4_3, landscape_16_9",via image_size,Yes,No,No,No,4,"The workhorse open family (dev/schnell): huge ecosystem, predictable quality, cheap and fast.",Superseded by FLUX.2 on realism and text; weak hands/fine anatomy by 2026 standards.,"High-volume drafts, LoRA-based pipelines, self-hosted products already built on FLUX.1.","Frontier-quality client work, accurate long text."
fal-ai/flux/schnell,FLUX.1,Black Forest Labs,t2i,0.003,$0.003/MP x 1MP,1.1,"square_hd, square, portrait_4_3, portrait_16_9, landscape_4_3, landscape_16_9",via image_size,No,No,No,No,4,"The workhorse open family (dev/schnell): huge ecosystem, predictable quality, cheap and fast.",Superseded by FLUX.2 on realism and text; weak hands/fine anatomy by 2026 standards.,"High-volume drafts, LoRA-based pipelines, self-hosted products already built on FLUX.1.","Frontier-quality client work, accurate long text."
fal-ai/flux/schnell/redux,FLUX.1,Black Forest Labs,i2i,0.025,$0.025/MP x 1MP,1.1,"square_hd, square, portrait_4_3, portrait_16_9, landscape_4_3, landscape_16_9",via image_size,Yes,No,No,No,4,"The workhorse open family (dev/schnell): huge ecosystem, predictable quality, cheap and fast.",Superseded by FLUX.2 on realism and text; weak hands/fine anatomy by 2026 standards.,"High-volume drafts, LoRA-based pipelines, self-hosted products already built on FLUX.1.","Frontier-quality client work, accurate long text."
fal-ai/flux/srpo,FLUX.1,Black Forest Labs,t2i,0.025,$0.025/MP x 1MP,1.1,"square_hd, square, portrait_4_3, portrait_16_9, landscape_4_3, landscape_16_9",via image_size,No,No,No,No,4,"The workhorse open family (dev/schnell): huge ecosystem, predictable quality, cheap and fast.",Superseded by FLUX.2 on realism and text; weak hands/fine anatomy by 2026 standards.,"High-volume drafts, LoRA-based pipelines, self-hosted products already built on FLUX.1.","Frontier-quality client work, accurate long text."
fal-ai/flux/srpo/image-to-image,FLUX.1,Black Forest Labs,i2i,0.025,$0.025/MP x 1MP,,fixed,fixed,Yes,No,No,No,4,"The workhorse open family (dev/schnell): huge ecosystem, predictable quality, cheap and fast.",Superseded by FLUX.2 on realism and text; weak hands/fine anatomy by 2026 standards.,"High-volume drafts, LoRA-based pipelines, self-hosted products already built on FLUX.1.","Frontier-quality client work, accurate long text."
fal-ai/flux-2,FLUX.2,Black Forest Labs,t2i,0.012,$0.012/MP x 1MP,1.1,"square_hd, square, portrait_4_3, portrait_16_9, landscape_4_3, landscape_16_9",via image_size,No,No,No,No,4,"BFL's frontier line: top-tier photorealism, texture and dense typography, up to 4MP output and 10 reference images, with per-megapixel pricing and draft tiers.","Reference images bill separately (~$0.03/MP each), so multi-ref workflows get pricey; instruction-following and world knowledge trail Nano Banana Pro.","Hero product shots, campaign key visuals, cinematic and painterly art direction, dense typographic posters.","Fact-grounded infographics, many-reference identity work on a budget, conversational iterative editing."
fal-ai/flux-2-flex,FLUX.2,Black Forest Labs,t2i,0.05,$0.05/MP x 1MP,1.1,"square_hd, square, portrait_4_3, portrait_16_9, landscape_4_3, landscape_16_9",via image_size,No,No,No,No,1,"BFL's frontier line: top-tier photorealism, texture and dense typography, up to 4MP output and 10 reference images, with per-megapixel pricing and draft tiers.","Reference images bill separately (~$0.03/MP each), so multi-ref workflows get pricey; instruction-following and world knowledge trail Nano Banana Pro.","Hero product shots, campaign key visuals, cinematic and painterly art direction, dense typographic posters.","Fact-grounded infographics, many-reference identity work on a budget, conversational iterative editing."
fal-ai/flux-2-flex/edit,FLUX.2,Black Forest Labs,i2i,0.05,$0.05/MP x 1MP,1.1,"auto, square_hd, square, portrait_4_3, portrait_16_9, landscape_4_3, landscape_16_9",via image_size,Yes,No,No,No,1,"BFL's frontier line: top-tier photorealism, texture and dense typography, up to 4MP output and 10 reference images, with per-megapixel pricing and draft tiers.","Reference images bill separately (~$0.03/MP each), so multi-ref workflows get pricey; instruction-following and world knowledge trail Nano Banana Pro.","Hero product shots, campaign key visuals, cinematic and painterly art direction, dense typographic posters.","Fact-grounded infographics, many-reference identity work on a budget, conversational iterative editing."
fal-ai/flux-2-lora-gallery/add-background,FLUX.2,Black Forest Labs,i2i,0.021,$0.021 (parsed loosely),1.1,"square_hd, square, portrait_4_3, portrait_16_9, landscape_4_3, landscape_16_9",via image_size,Yes,No,No,No,4,"BFL's frontier line: top-tier photorealism, texture and dense typography, up to 4MP output and 10 reference images, with per-megapixel pricing and draft tiers.","Reference images bill separately (~$0.03/MP each), so multi-ref workflows get pricey; instruction-following and world knowledge trail Nano Banana Pro.","Hero product shots, campaign key visuals, cinematic and painterly art direction, dense typographic posters.","Fact-grounded infographics, many-reference identity work on a budget, conversational iterative editing."
fal-ai/flux-2-lora-gallery/apartment-staging,FLUX.2,Black Forest Labs,i2i,0.021,$0.021 (parsed loosely),1.1,"square_hd, square, portrait_4_3, portrait_16_9, landscape_4_3, landscape_16_9",via image_size,Yes,No,No,No,4,"BFL's frontier line: top-tier photorealism, texture and dense typography, up to 4MP output and 10 reference images, with per-megapixel pricing and draft tiers.","Reference images bill separately (~$0.03/MP each), so multi-ref workflows get pricey; instruction-following and world knowledge trail Nano Banana Pro.","Hero product shots, campaign key visuals, cinematic and painterly art direction, dense typographic posters.","Fact-grounded infographics, many-reference identity work on a budget, conversational iterative editing."
fal-ai/flux-2-lora-gallery/ballpoint-pen-sketch,FLUX.2,Black Forest Labs,t2i,0.021,$0.021/MP x 1MP,1.1,"square_hd, square, portrait_4_3, portrait_16_9, landscape_4_3, landscape_16_9",via image_size,No,No,No,No,4,"BFL's frontier line: top-tier photorealism, texture and dense typography, up to 4MP output and 10 reference images, with per-megapixel pricing and draft tiers.","Reference images bill separately (~$0.03/MP each), so multi-ref workflows get pricey; instruction-following and world knowledge trail Nano Banana Pro.","Hero product shots, campaign key visuals, cinematic and painterly art direction, dense typographic posters.","Fact-grounded infographics, many-reference identity work on a budget, conversational iterative editing."
fal-ai/flux-2-lora-gallery/digital-comic-art,FLUX.2,Black Forest Labs,t2i,0.021,$0.021/MP x 1MP,1.1,"square_hd, square, portrait_4_3, portrait_16_9, landscape_4_3, landscape_16_9",via image_size,No,No,No,No,4,"BFL's frontier line: top-tier photorealism, texture and dense typography, up to 4MP output and 10 reference images, with per-megapixel pricing and draft tiers.","Reference images bill separately (~$0.03/MP each), so multi-ref workflows get pricey; instruction-following and world knowledge trail Nano Banana Pro.","Hero product shots, campaign key visuals, cinematic and painterly art direction, dense typographic posters.","Fact-grounded infographics, many-reference identity work on a budget, conversational iterative editing."
fal-ai/flux-2-lora-gallery/face-to-full-portrait,FLUX.2,Black Forest Labs,i2i,0.021,$0.021 (parsed loosely),1.1,"square_hd, square, portrait_4_3, portrait_16_9, landscape_4_3, landscape_16_9",via image_size,Yes,No,No,No,4,"BFL's frontier line: top-tier photorealism, texture and dense typography, up to 4MP output and 10 reference images, with per-megapixel pricing and draft tiers.","Reference images bill separately (~$0.03/MP each), so multi-ref workflows get pricey; instruction-following and world knowledge trail Nano Banana Pro.","Hero product shots, campaign key visuals, cinematic and painterly art direction, dense typographic posters.","Fact-grounded infographics, many-reference identity work on a budget, conversational iterative editing."
fal-ai/flux-2-lora-gallery/hdr-style,FLUX.2,Black Forest Labs,t2i,0.021,$0.021/MP x 1MP,1.1,"square_hd, square, portrait_4_3, portrait_16_9, landscape_4_3, landscape_16_9",via image_size,No,No,No,No,4,"BFL's frontier line: top-tier photorealism, texture and dense typography, up to 4MP output and 10 reference images, with per-megapixel pricing and draft tiers.","Reference images bill separately (~$0.03/MP each), so multi-ref workflows get pricey; instruction-following and world knowledge trail Nano Banana Pro.","Hero product shots, campaign key visuals, cinematic and painterly art direction, dense typographic posters.","Fact-grounded infographics, many-reference identity work on a budget, conversational iterative editing."
fal-ai/flux-2-lora-gallery/multiple-angles,FLUX.2,Black Forest Labs,i2i,0.021,$0.021 (parsed loosely),1.1,"square_hd, square, portrait_4_3, portrait_16_9, landscape_4_3, landscape_16_9",via image_size,Yes,No,No,No,4,"BFL's frontier line: top-tier photorealism, texture and dense typography, up to 4MP output and 10 reference images, with per-megapixel pricing and draft tiers.","Reference images bill separately (~$0.03/MP each), so multi-ref workflows get pricey; instruction-following and world knowledge trail Nano Banana Pro.","Hero product shots, campaign key visuals, cinematic and painterly art direction, dense typographic posters.","Fact-grounded infographics, many-reference identity work on a budget, conversational iterative editing."
fal-ai/flux-2-lora-gallery/realism,FLUX.2,Black Forest Labs,t2i,0.021,$0.021/MP x 1MP,1.1,"square_hd, square, portrait_4_3, portrait_16_9, landscape_4_3, landscape_16_9",via image_size,No,No,No,No,4,"BFL's frontier line: top-tier photorealism, texture and dense typography, up to 4MP output and 10 reference images, with per-megapixel pricing and draft tiers.","Reference images bill separately (~$0.03/MP each), so multi-ref workflows get pricey; instruction-following and world knowledge trail Nano Banana Pro.","Hero product shots, campaign key visuals, cinematic and painterly art direction, dense typographic posters.","Fact-grounded infographics, many-reference identity work on a budget, conversational iterative editing."
fal-ai/flux-2-lora-gallery/satellite-view-style,FLUX.2,Black Forest Labs,t2i,0.021,$0.021/MP x 1MP,1.1,"square_hd, square, portrait_4_3, portrait_16_9, landscape_4_3, landscape_16_9",via image_size,No,No,No,No,4,"BFL's frontier line: top-tier photorealism, texture and dense typography, up to 4MP output and 10 reference images, with per-megapixel pricing and draft tiers.","Reference images bill separately (~$0.03/MP each), so multi-ref workflows get pricey; instruction-following and world knowledge trail Nano Banana Pro.","Hero product shots, campaign key visuals, cinematic and painterly art direction, dense typographic posters.","Fact-grounded infographics, many-reference identity work on a budget, conversational iterative editing."
fal-ai/flux-2-lora-gallery/sepia-vintage,FLUX.2,Black Forest Labs,t2i,0.021,$0.021/MP x 1MP,1.1,"square_hd, square, portrait_4_3, portrait_16_9, landscape_4_3, landscape_16_9",via image_size,No,No,No,No,4,"BFL's frontier line: top-tier photorealism, texture and dense typography, up to 4MP output and 10 reference images, with per-megapixel pricing and draft tiers.","Reference images bill separately (~$0.03/MP each), so multi-ref workflows get pricey; instruction-following and world knowledge trail Nano Banana Pro.","Hero product shots, campaign key visuals, cinematic and painterly art direction, dense typographic posters.","Fact-grounded infographics, many-reference identity work on a budget, conversational iterative editing."
fal-ai/flux-2-lora-gallery/virtual-tryon,FLUX.2,Black Forest Labs,i2i,0.021,$0.021 (parsed loosely),1.1,"square_hd, square, portrait_4_3, portrait_16_9, landscape_4_3, landscape_16_9",via image_size,Yes,No,No,No,4,"BFL's frontier line: top-tier photorealism, texture and dense typography, up to 4MP output and 10 reference images, with per-megapixel pricing and draft tiers.","Reference images bill separately (~$0.03/MP each), so multi-ref workflows get pricey; instruction-following and world knowledge trail Nano Banana Pro.","Hero product shots, campaign key visuals, cinematic and painterly art direction, dense typographic posters.","Fact-grounded infographics, many-reference identity work on a budget, conversational iterative editing."
fal-ai/flux-2-max,FLUX.2,Black Forest Labs,t2i,0.07,$0.07 (parsed loosely),1.1,"square_hd, square, portrait_4_3, portrait_16_9, landscape_4_3, landscape_16_9",via image_size,No,No,No,No,1,"BFL's frontier line: top-tier photorealism, texture and dense typography, up to 4MP output and 10 reference images, with per-megapixel pricing and draft tiers.","Reference images bill separately (~$0.03/MP each), so multi-ref workflows get pricey; instruction-following and world knowledge trail Nano Banana Pro.","Hero product shots, campaign key visuals, cinematic and painterly art direction, dense typographic posters.","Fact-grounded infographics, many-reference identity work on a budget, conversational iterative editing."
fal-ai/flux-2-max/edit,FLUX.2,Black Forest Labs,i2i,0.07,$0.07 (parsed loosely),1.1,"auto, square_hd, square, portrait_4_3, portrait_16_9, landscape_4_3, landscape_16_9",via image_size,Yes,No,No,No,1,"BFL's frontier line: top-tier photorealism, texture and dense typography, up to 4MP output and 10 reference images, with per-megapixel pricing and draft tiers.","Reference images bill separately (~$0.03/MP each), so multi-ref workflows get pricey; instruction-following and world knowledge trail Nano Banana Pro.","Hero product shots, campaign key visuals, cinematic and painterly art direction, dense typographic posters.","Fact-grounded infographics, many-reference identity work on a budget, conversational iterative editing."
fal-ai/flux-2-pro,FLUX.2,Black Forest Labs,t2i,0.03,$0.03 first MP out,1.1,"square_hd, square, portrait_4_3, portrait_16_9, landscape_4_3, landscape_16_9",via image_size,No,No,No,No,1,"BFL's frontier line: top-tier photorealism, texture and dense typography, up to 4MP output and 10 reference images, with per-megapixel pricing and draft tiers.","Reference images bill separately (~$0.03/MP each), so multi-ref workflows get pricey; instruction-following and world knowledge trail Nano Banana Pro.","Hero product shots, campaign key visuals, cinematic and painterly art direction, dense typographic posters.","Fact-grounded infographics, many-reference identity work on a budget, conversational iterative editing."
fal-ai/flux-2-pro/edit,FLUX.2,Black Forest Labs,i2i,0.045,$0.03 first MP out + $0.015 1MP input,1.1,"auto, square_hd, square, portrait_4_3, portrait_16_9, landscape_4_3, landscape_16_9",via image_size,Yes,No,No,No,1,"BFL's frontier line: top-tier photorealism, texture and dense typography, up to 4MP output and 10 reference images, with per-megapixel pricing and draft tiers.","Reference images bill separately (~$0.03/MP each), so multi-ref workflows get pricey; instruction-following and world knowledge trail Nano Banana Pro.","Hero product shots, campaign key visuals, cinematic and painterly art direction, dense typographic posters.","Fact-grounded infographics, many-reference identity work on a budget, conversational iterative editing."
fal-ai/flux-2-pro/outpaint,FLUX.2,Black Forest Labs,i2i,0.045,$0.03 first MP out + $0.015 1MP input,,fixed,fixed,Yes,No,No,No,1,"BFL's frontier line: top-tier photorealism, texture and dense typography, up to 4MP output and 10 reference images, with per-megapixel pricing and draft tiers.","Reference images bill separately (~$0.03/MP each), so multi-ref workflows get pricey; instruction-following and world knowledge trail Nano Banana Pro.","Hero product shots, campaign key visuals, cinematic and painterly art direction, dense typographic posters.","Fact-grounded infographics, many-reference identity work on a budget, conversational iterative editing."
fal-ai/flux-2/edit,FLUX.2,Black Forest Labs,i2i,0.024,$0.012/MP x 2MP (1 in + 1 out),1.1,"square_hd, square, portrait_4_3, portrait_16_9, landscape_4_3, landscape_16_9",via image_size,Yes,No,No,No,4,"BFL's frontier line: top-tier photorealism, texture and dense typography, up to 4MP output and 10 reference images, with per-megapixel pricing and draft tiers.","Reference images bill separately (~$0.03/MP each), so multi-ref workflows get pricey; instruction-following and world knowledge trail Nano Banana Pro.","Hero product shots, campaign key visuals, cinematic and painterly art direction, dense typographic posters.","Fact-grounded infographics, many-reference identity work on a budget, conversational iterative editing."
fal-ai/flux-2/flash,FLUX.2,Black Forest Labs,t2i,0.005,$0.005/MP x 1MP,1.1,"square_hd, square, portrait_4_3, portrait_16_9, landscape_4_3, landscape_16_9",via image_size,No,No,No,No,4,"BFL's frontier line: top-tier photorealism, texture and dense typography, up to 4MP output and 10 reference images, with per-megapixel pricing and draft tiers.","Reference images bill separately (~$0.03/MP each), so multi-ref workflows get pricey; instruction-following and world knowledge trail Nano Banana Pro.","Hero product shots, campaign key visuals, cinematic and painterly art direction, dense typographic posters.","Fact-grounded infographics, many-reference identity work on a budget, conversational iterative editing."
fal-ai/flux-2/flash/edit,FLUX.2,Black Forest Labs,i2i,0.01,$0.005/MP x 2MP (1 in + 1 out),1.1,"square_hd, square, portrait_4_3, portrait_16_9, landscape_4_3, landscape_16_9",via image_size,Yes,No,No,No,4,"BFL's frontier line: top-tier photorealism, texture and dense typography, up to 4MP output and 10 reference images, with per-megapixel pricing and draft tiers.","Reference images bill separately (~$0.03/MP each), so multi-ref workflows get pricey; instruction-following and world knowledge trail Nano Banana Pro.","Hero product shots, campaign key visuals, cinematic and painterly art direction, dense typographic posters.","Fact-grounded infographics, many-reference identity work on a budget, conversational iterative editing."
fal-ai/flux-2/klein/4b,FLUX.2,Black Forest Labs,t2i,0.005,$0.005/MP x 1MP,1.1,"square_hd, square, portrait_4_3, portrait_16_9, landscape_4_3, landscape_16_9",via image_size,No,No,No,No,4,"BFL's frontier line: top-tier photorealism, texture and dense typography, up to 4MP output and 10 reference images, with per-megapixel pricing and draft tiers.","Reference images bill separately (~$0.03/MP each), so multi-ref workflows get pricey; instruction-following and world knowledge trail Nano Banana Pro.","Hero product shots, campaign key visuals, cinematic and painterly art direction, dense typographic posters.","Fact-grounded infographics, many-reference identity work on a budget, conversational iterative editing."
fal-ai/flux-2/klein/4b/base,FLUX.2,Black Forest Labs,t2i,0.009,$0.009/MP x 1MP,1.1,"square_hd, square, portrait_4_3, portrait_16_9, landscape_4_3, landscape_16_9",via image_size,No,No,No,No,4,"BFL's frontier line: top-tier photorealism, texture and dense typography, up to 4MP output and 10 reference images, with per-megapixel pricing and draft tiers.","Reference images bill separately (~$0.03/MP each), so multi-ref workflows get pricey; instruction-following and world knowledge trail Nano Banana Pro.","Hero product shots, campaign key visuals, cinematic and painterly art direction, dense typographic posters.","Fact-grounded infographics, many-reference identity work on a budget, conversational iterative editing."
fal-ai/flux-2/klein/4b/base/edit,FLUX.2,Black Forest Labs,i2i,0.018,$0.009/MP x 2MP (1 in + 1 out),1.1,"square_hd, square, portrait_4_3, portrait_16_9, landscape_4_3, landscape_16_9",via image_size,Yes,No,No,No,4,"BFL's frontier line: top-tier photorealism, texture and dense typography, up to 4MP output and 10 reference images, with per-megapixel pricing and draft tiers.","Reference images bill separately (~$0.03/MP each), so multi-ref workflows get pricey; instruction-following and world knowledge trail Nano Banana Pro.","Hero product shots, campaign key visuals, cinematic and painterly art direction, dense typographic posters.","Fact-grounded infographics, many-reference identity work on a budget, conversational iterative editing."
fal-ai/flux-2/klein/4b/base/edit/lora,FLUX.2,Black Forest Labs,i2i,0.032,$0.016/MP x 2MP (1 in + 1 out),1.1,"square_hd, square, portrait_4_3, portrait_16_9, landscape_4_3, landscape_16_9",via image_size,Yes,No,Yes,No,4,"BFL's frontier line: top-tier photorealism, texture and dense typography, up to 4MP output and 10 reference images, with per-megapixel pricing and draft tiers.","Reference images bill separately (~$0.03/MP each), so multi-ref workflows get pricey; instruction-following and world knowledge trail Nano Banana Pro.","Hero product shots, campaign key visuals, cinematic and painterly art direction, dense typographic posters.","Fact-grounded infographics, many-reference identity work on a budget, conversational iterative editing."
fal-ai/flux-2/klein/4b/base/lora,FLUX.2,Black Forest Labs,t2i,0.016,$0.016/MP x 1MP,1.1,"square_hd, square, portrait_4_3, portrait_16_9, landscape_4_3, landscape_16_9",via image_size,No,No,Yes,No,4,"BFL's frontier line: top-tier photorealism, texture and dense typography, up to 4MP output and 10 reference images, with per-megapixel pricing and draft tiers.","Reference images bill separately (~$0.03/MP each), so multi-ref workflows get pricey; instruction-following and world knowledge trail Nano Banana Pro.","Hero product shots, campaign key visuals, cinematic and painterly art direction, dense typographic posters.","Fact-grounded infographics, many-reference identity work on a budget, conversational iterative editing."
fal-ai/flux-2/klein/4b/edit,FLUX.2,Black Forest Labs,i2i,0.01,$0.01/MP x 1MP,1.1,"square_hd, square, portrait_4_3, portrait_16_9, landscape_4_3, landscape_16_9",via image_size,Yes,No,No,No,4,"BFL's frontier line: top-tier photorealism, texture and dense typography, up to 4MP output and 10 reference images, with per-megapixel pricing and draft tiers.","Reference images bill separately (~$0.03/MP each), so multi-ref workflows get pricey; instruction-following and world knowledge trail Nano Banana Pro.","Hero product shots, campaign key visuals, cinematic and painterly art direction, dense typographic posters.","Fact-grounded infographics, many-reference identity work on a budget, conversational iterative editing."
fal-ai/flux-2/klein/4b/edit/lora,FLUX.2,Black Forest Labs,i2i,0.02,$0.01/MP x 2MP (1 in + 1 out),1.1,"square_hd, square, portrait_4_3, portrait_16_9, landscape_4_3, landscape_16_9",via image_size,Yes,No,Yes,No,4,"BFL's frontier line: top-tier photorealism, texture and dense typography, up to 4MP output and 10 reference images, with per-megapixel pricing and draft tiers.","Reference images bill separately (~$0.03/MP each), so multi-ref workflows get pricey; instruction-following and world knowledge trail Nano Banana Pro.","Hero product shots, campaign key visuals, cinematic and painterly art direction, dense typographic posters.","Fact-grounded infographics, many-reference identity work on a budget, conversational iterative editing."
fal-ai/flux-2/klein/4b/lora,FLUX.2,Black Forest Labs,t2i,0.01,$0.01/MP x 1MP,1.1,"square_hd, square, portrait_4_3, portrait_16_9, landscape_4_3, landscape_16_9",via image_size,No,No,Yes,No,4,"BFL's frontier line: top-tier photorealism, texture and dense typography, up to 4MP output and 10 reference images, with per-megapixel pricing and draft tiers.","Reference images bill separately (~$0.03/MP each), so multi-ref workflows get pricey; instruction-following and world knowledge trail Nano Banana Pro.","Hero product shots, campaign key visuals, cinematic and painterly art direction, dense typographic posters.","Fact-grounded infographics, many-reference identity work on a budget, conversational iterative editing."
fal-ai/flux-2/klein/9b,FLUX.2,Black Forest Labs,t2i,0.006,$0.006/MP x 1MP,1.1,"square_hd, square, portrait_4_3, portrait_16_9, landscape_4_3, landscape_16_9",via image_size,No,No,No,No,4,"BFL's frontier line: top-tier photorealism, texture and dense typography, up to 4MP output and 10 reference images, with per-megapixel pricing and draft tiers.","Reference images bill separately (~$0.03/MP each), so multi-ref workflows get pricey; instruction-following and world knowledge trail Nano Banana Pro.","Hero product shots, campaign key visuals, cinematic and painterly art direction, dense typographic posters.","Fact-grounded infographics, many-reference identity work on a budget, conversational iterative editing."
fal-ai/flux-2/klein/9b/base,FLUX.2,Black Forest Labs,t2i,0.011,$0.011/MP x 1MP,1.1,"square_hd, square, portrait_4_3, portrait_16_9, landscape_4_3, landscape_16_9",via image_size,No,No,No,No,4,"BFL's frontier line: top-tier photorealism, texture and dense typography, up to 4MP output and 10 reference images, with per-megapixel pricing and draft tiers.","Reference images bill separately (~$0.03/MP each), so multi-ref workflows get pricey; instruction-following and world knowledge trail Nano Banana Pro.","Hero product shots, campaign key visuals, cinematic and painterly art direction, dense typographic posters.","Fact-grounded infographics, many-reference identity work on a budget, conversational iterative editing."
fal-ai/flux-2/klein/9b/base/edit,FLUX.2,Black Forest Labs,i2i,0.022,$0.011/MP x 2MP (1 in + 1 out),1.1,"square_hd, square, portrait_4_3, portrait_16_9, landscape_4_3, landscape_16_9",via image_size,Yes,No,No,No,4,"BFL's frontier line: top-tier photorealism, texture and dense typography, up to 4MP output and 10 reference images, with per-megapixel pricing and draft tiers.","Reference images bill separately (~$0.03/MP each), so multi-ref workflows get pricey; instruction-following and world knowledge trail Nano Banana Pro.","Hero product shots, campaign key visuals, cinematic and painterly art direction, dense typographic posters.","Fact-grounded infographics, many-reference identity work on a budget, conversational iterative editing."
fal-ai/flux-2/klein/9b/base/edit/lora,FLUX.2,Black Forest Labs,i2i,0.04,$0.02/MP x 2MP (1 in + 1 out),1.1,"square_hd, square, portrait_4_3, portrait_16_9, landscape_4_3, landscape_16_9",via image_size,Yes,No,Yes,No,4,"BFL's frontier line: top-tier photorealism, texture and dense typography, up to 4MP output and 10 reference images, with per-megapixel pricing and draft tiers.","Reference images bill separately (~$0.03/MP each), so multi-ref workflows get pricey; instruction-following and world knowledge trail Nano Banana Pro.","Hero product shots, campaign key visuals, cinematic and painterly art direction, dense typographic posters.","Fact-grounded infographics, many-reference identity work on a budget, conversational iterative editing."
fal-ai/flux-2/klein/9b/base/lora,FLUX.2,Black Forest Labs,t2i,0.02,$0.02/MP x 1MP,1.1,"square_hd, square, portrait_4_3, portrait_16_9, landscape_4_3, landscape_16_9",via image_size,No,No,Yes,No,4,"BFL's frontier line: top-tier photorealism, texture and dense typography, up to 4MP output and 10 reference images, with per-megapixel pricing and draft tiers.","Reference images bill separately (~$0.03/MP each), so multi-ref workflows get pricey; instruction-following and world knowledge trail Nano Banana Pro.","Hero product shots, campaign key visuals, cinematic and painterly art direction, dense typographic posters.","Fact-grounded infographics, many-reference identity work on a budget, conversational iterative editing."
fal-ai/flux-2/klein/9b/edit,FLUX.2,Black Forest Labs,i2i,0.022,$0.011/MP x 2MP (1 in + 1 out),1.1,"square_hd, square, portrait_4_3, portrait_16_9, landscape_4_3, landscape_16_9",via image_size,Yes,No,No,No,4,"BFL's frontier line: top-tier photorealism, texture and dense typography, up to 4MP output and 10 reference images, with per-megapixel pricing and draft tiers.","Reference images bill separately (~$0.03/MP each), so multi-ref workflows get pricey; instruction-following and world knowledge trail Nano Banana Pro.","Hero product shots, campaign key visuals, cinematic and painterly art direction, dense typographic posters.","Fact-grounded infographics, many-reference identity work on a budget, conversational iterative editing."
fal-ai/flux-2/klein/9b/edit/lora,FLUX.2,Black Forest Labs,i2i,0.03,$0.015/MP x 2MP (1 in + 1 out),1.1,"square_hd, square, portrait_4_3, portrait_16_9, landscape_4_3, landscape_16_9",via image_size,Yes,No,Yes,No,4,"BFL's frontier line: top-tier photorealism, texture and dense typography, up to 4MP output and 10 reference images, with per-megapixel pricing and draft tiers.","Reference images bill separately (~$0.03/MP each), so multi-ref workflows get pricey; instruction-following and world knowledge trail Nano Banana Pro.","Hero product shots, campaign key visuals, cinematic and painterly art direction, dense typographic posters.","Fact-grounded infographics, many-reference identity work on a budget, conversational iterative editing."
fal-ai/flux-2/klein/9b/lora,FLUX.2,Black Forest Labs,t2i,0.015,$0.015/MP x 1MP,1.1,"square_hd, square, portrait_4_3, portrait_16_9, landscape_4_3, landscape_16_9",via image_size,No,No,Yes,No,4,"BFL's frontier line: top-tier photorealism, texture and dense typography, up to 4MP output and 10 reference images, with per-megapixel pricing and draft tiers.","Reference images bill separately (~$0.03/MP each), so multi-ref workflows get pricey; instruction-following and world knowledge trail Nano Banana Pro.","Hero product shots, campaign key visuals, cinematic and painterly art direction, dense typographic posters.","Fact-grounded infographics, many-reference identity work on a budget, conversational iterative editing."
fal-ai/flux-2/klein/realtime,FLUX.2,Black Forest Labs,i2i,,billed per GPU compute-second,1.1,"square, square_hd",via image_size,Yes,No,No,No,1,"BFL's frontier line: top-tier photorealism, texture and dense typography, up to 4MP output and 10 reference images, with per-megapixel pricing and draft tiers.","Reference images bill separately (~$0.03/MP each), so multi-ref workflows get pricey; instruction-following and world knowledge trail Nano Banana Pro.","Hero product shots, campaign key visuals, cinematic and painterly art direction, dense typographic posters.","Fact-grounded infographics, many-reference identity work on a budget, conversational iterative editing."
fal-ai/flux-2/lora,FLUX.2,Black Forest Labs,t2i,0.021,$0.021/MP x 1MP,1.1,"square_hd, square, portrait_4_3, portrait_16_9, landscape_4_3, landscape_16_9",via image_size,No,No,Yes,No,4,"BFL's frontier line: top-tier photorealism, texture and dense typography, up to 4MP output and 10 reference images, with per-megapixel pricing and draft tiers.","Reference images bill separately (~$0.03/MP each), so multi-ref workflows get pricey; instruction-following and world knowledge trail Nano Banana Pro.","Hero product shots, campaign key visuals, cinematic and painterly art direction, dense typographic posters.","Fact-grounded infographics, many-reference identity work on a budget, conversational iterative editing."
fal-ai/flux-2/lora/edit,FLUX.2,Black Forest Labs,i2i,0.042,$0.021/MP x 2MP (1 in + 1 out),1.1,"square_hd, square, portrait_4_3, portrait_16_9, landscape_4_3, landscape_16_9",via image_size,Yes,No,Yes,No,4,"BFL's frontier line: top-tier photorealism, texture and dense typography, up to 4MP output and 10 reference images, with per-megapixel pricing and draft tiers.","Reference images bill separately (~$0.03/MP each), so multi-ref workflows get pricey; instruction-following and world knowledge trail Nano Banana Pro.","Hero product shots, campaign key visuals, cinematic and painterly art direction, dense typographic posters.","Fact-grounded infographics, many-reference identity work on a budget, conversational iterative editing."
fal-ai/flux-2/turbo,FLUX.2,Black Forest Labs,t2i,0.008,$0.008/MP x 1MP,1.1,"square_hd, square, portrait_4_3, portrait_16_9, landscape_4_3, landscape_16_9",via image_size,No,No,No,No,4,"BFL's frontier line: top-tier photorealism, texture and dense typography, up to 4MP output and 10 reference images, with per-megapixel pricing and draft tiers.","Reference images bill separately (~$0.03/MP each), so multi-ref workflows get pricey; instruction-following and world knowledge trail Nano Banana Pro.","Hero product shots, campaign key visuals, cinematic and painterly art direction, dense typographic posters.","Fact-grounded infographics, many-reference identity work on a budget, conversational iterative editing."
fal-ai/flux-2/turbo/edit,FLUX.2,Black Forest Labs,i2i,0.016,$0.008/MP x 2MP (1 in + 1 out),1.1,"square_hd, square, portrait_4_3, portrait_16_9, landscape_4_3, landscape_16_9",via image_size,Yes,No,No,No,4,"BFL's frontier line: top-tier photorealism, texture and dense typography, up to 4MP output and 10 reference images, with per-megapixel pricing and draft tiers.","Reference images bill separately (~$0.03/MP each), so multi-ref workflows get pricey; instruction-following and world knowledge trail Nano Banana Pro.","Hero product shots, campaign key visuals, cinematic and painterly art direction, dense typographic posters.","Fact-grounded infographics, many-reference identity work on a budget, conversational iterative editing."
fal-ai/instant-character,Face/identity,,i2i,0.1,$0.1/MP x 1MP,1.1,"square_hd, square, portrait_4_3, portrait_16_9, landscape_4_3, landscape_16_9",via image_size,Yes,No,No,No,4,"Identity-preserving generation (PuLID, InstantID, PhotoMaker) and portrait animation.",Identity drift under big pose/style shifts.,"Personalized avatars, consistent-character content.",Non-portrait work.
fal-ai/ip-adapter-face-id,Face/identity,,i2i,,billed per GPU compute-second,1.0,custom up to 1024x1024,free,No,No,No,No,1,"Identity-preserving generation (PuLID, InstantID, PhotoMaker) and portrait animation.",Identity drift under big pose/style shifts.,"Personalized avatars, consistent-character content.",Non-portrait work.
fal-ai/live-portrait/image,Face/identity,,i2i,,billed per GPU compute-second,,fixed,fixed,Yes,No,No,No,1,"Identity-preserving generation (PuLID, InstantID, PhotoMaker) and portrait animation.",Identity drift under big pose/style shifts.,"Personalized avatars, consistent-character content.",Non-portrait work.
fal-ai/photomaker,Face/identity,,i2i,,billed per GPU compute-second,,fixed,fixed,No,No,No,Yes,4,"Identity-preserving generation (PuLID, InstantID, PhotoMaker) and portrait animation.",Identity drift under big pose/style shifts.,"Personalized avatars, consistent-character content.",Non-portrait work.
fal-ai/pulid,Face/identity,,i2i,,,1.1,"square_hd, square, portrait_4_3, portrait_16_9, landscape_4_3, landscape_16_9",via image_size,No,No,No,No,8,"Identity-preserving generation (PuLID, InstantID, PhotoMaker) and portrait animation.",Identity drift under big pose/style shifts.,"Personalized avatars, consistent-character content.",Non-portrait work.
fal-ai/florence-2-large/caption-to-phrase-grounding,Florence vision,,i2i,,billed per GPU compute-second,,fixed,fixed,Yes,No,No,No,1,"Microsoft Florence-2 vision tasks (caption, detect, OCR) as endpoints.",Analysis only.,Captioning and OCR in pipelines.,Generation.
fal-ai/florence-2-large/dense-region-caption,Florence vision,,i2i,,billed per GPU compute-second,,fixed,fixed,Yes,No,No,No,1,"Microsoft Florence-2 vision tasks (caption, detect, OCR) as endpoints.",Analysis only.,Captioning and OCR in pipelines.,Generation.
fal-ai/florence-2-large/object-detection,Florence vision,,i2i,,billed per GPU compute-second,,fixed,fixed,Yes,No,No,No,1,"Microsoft Florence-2 vision tasks (caption, detect, OCR) as endpoints.",Analysis only.,Captioning and OCR in pipelines.,Generation.
fal-ai/florence-2-large/ocr-with-region,Florence vision,,i2i,,billed per GPU compute-second,,fixed,fixed,Yes,No,No,No,1,"Microsoft Florence-2 vision tasks (caption, detect, OCR) as endpoints.",Analysis only.,Captioning and OCR in pipelines.,Generation.
fal-ai/florence-2-large/open-vocabulary-detection,Florence vision,,i2i,,billed per GPU compute-second,,fixed,fixed,Yes,No,No,No,1,"Microsoft Florence-2 vision tasks (caption, detect, OCR) as endpoints.",Analysis only.,Captioning and OCR in pipelines.,Generation.
fal-ai/florence-2-large/referring-expression-segmentation,Florence vision,,i2i,,billed per GPU compute-second,,fixed,fixed,Yes,No,No,No,1,"Microsoft Florence-2 vision tasks (caption, detect, OCR) as endpoints.",Analysis only.,Captioning and OCR in pipelines.,Generation.
fal-ai/florence-2-large/region-proposal,Florence vision,,i2i,,billed per GPU compute-second,,fixed,fixed,Yes,No,No,No,1,"Microsoft Florence-2 vision tasks (caption, detect, OCR) as endpoints.",Analysis only.,Captioning and OCR in pipelines.,Generation.
fal-ai/florence-2-large/region-to-segmentation,Florence vision,,i2i,,billed per GPU compute-second,,fixed,fixed,Yes,No,No,No,1,"Microsoft Florence-2 vision tasks (caption, detect, OCR) as endpoints.",Analysis only.,Captioning and OCR in pipelines.,Generation.
fal-ai/fast-fooocus-sdxl/image-to-image,Fooocus,,t2i,,billed per GPU compute-second,1.1,"square_hd, square, portrait_4_3, portrait_16_9, landscape_4_3, landscape_16_9",via image_size,Yes,No,Yes,No,8,SDXL wrapped with automatic prompt expansion — good output with zero prompt skill.,SDXL-era ceiling; opinionated defaults.,"Beginners, quick concept art.",Controlled production.
fal-ai/fooocus,Fooocus,,t2i,,billed per GPU compute-second,,fixed,fixed,No,Yes,Yes,Yes,4,SDXL wrapped with automatic prompt expansion — good output with zero prompt skill.,SDXL-era ceiling; opinionated defaults.,"Beginners, quick concept art.",Controlled production.
fal-ai/fooocus/image-prompt,Fooocus,,t2i,,billed per GPU compute-second,,fixed,fixed,No,Yes,Yes,No,4,SDXL wrapped with automatic prompt expansion — good output with zero prompt skill.,SDXL-era ceiling; opinionated defaults.,"Beginners, quick concept art.",Controlled production.
fal-ai/fooocus/inpaint,Fooocus,,t2i,,billed per GPU compute-second,,fixed,fixed,No,Yes,Yes,No,4,SDXL wrapped with automatic prompt expansion — good output with zero prompt skill.,SDXL-era ceiling; opinionated defaults.,"Beginners, quick concept art.",Controlled production.
fal-ai/fooocus/upscale-or-vary,Fooocus,,t2i,,billed per GPU compute-second,,fixed,fixed,No,No,Yes,No,4,SDXL wrapped with automatic prompt expansion — good output with zero prompt skill.,SDXL-era ceiling; opinionated defaults.,"Beginners, quick concept art.",Controlled production.
fal-ai/glm-image,GLM Image,,t2i,0.05,$0.05/MP x 1MP,1.1,"square_hd, square, portrait_4_3, portrait_16_9, landscape_4_3, landscape_16_9, portrait_3_2, landscape_3_2, portrait_hd, landscape_hd",via image_size,No,No,No,No,4,Zhipu's image model with strong Chinese comprehension.,Thin evals.,Chinese-market tests.,General work.
fal-ai/glm-image/image-to-image,GLM Image,,i2i,0.05,$0.05/MP x 1MP,1.1,"square_hd, square, portrait_4_3, portrait_16_9, landscape_4_3, landscape_16_9, portrait_3_2, landscape_3_2, portrait_hd, landscape_hd",via image_size,Yes,No,No,No,4,Zhipu's image model with strong Chinese comprehension.,Thin evals.,Chinese-market tests.,General work.
fal-ai/gpt-image-1-mini,GPT Image,OpenAI,t2i,0.006,$0.006 per 1024x1024 (from example),1.1,"auto, 1024x1024, 1536x1024, 1024x1536",via image_size,No,No,No,No,4,OpenAI's instruction-following and world knowledge in image form; conversational editing strength.,Token pricing is opaque and can spike; slow; strict content policy.,"Knowledge-grounded illustrations, iterative what-if editing, UI mockups with sensible text.","High-volume fixed-cost pipelines, uncensored creative range."
fal-ai/gpt-image-1-mini/edit,GPT Image,OpenAI,i2i,0.006,$0.006 per 1024x1024 (from example),1.1,"auto, 1024x1024, 1536x1024, 1024x1536",via image_size,Yes,No,No,No,4,OpenAI's instruction-following and world knowledge in image form; conversational editing strength.,Token pricing is opaque and can spike; slow; strict content policy.,"Knowledge-grounded illustrations, iterative what-if editing, UI mockups with sensible text.","High-volume fixed-cost pipelines, uncensored creative range."
fal-ai/gpt-image-1.5,GPT Image,OpenAI,t2i,0.013,$0.013 per 1024x1024 (from example),1.1,"1024x1024, 1536x1024, 1024x1536",via image_size,No,No,No,No,4,OpenAI's instruction-following and world knowledge in image form; conversational editing strength.,Token pricing is opaque and can spike; slow; strict content policy.,"Knowledge-grounded illustrations, iterative what-if editing, UI mockups with sensible text.","High-volume fixed-cost pipelines, uncensored creative range."
fal-ai/gpt-image-1.5/edit,GPT Image,OpenAI,i2i,0.013,$0.013 per 1024x1024 (from example),1.1,"auto, 1024x1024, 1536x1024, 1024x1536",via image_size,Yes,Yes,No,No,4,OpenAI's instruction-following and world knowledge in image form; conversational editing strength.,Token pricing is opaque and can spike; slow; strict content policy.,"Knowledge-grounded illustrations, iterative what-if editing, UI mockups with sensible text.","High-volume fixed-cost pipelines, uncensored creative range."
fal-ai/gpt-image-1/edit-image,GPT Image,OpenAI,i2i,0.016,$0.016 per 1024x1024 (from example),1.1,"auto, 1024x1024, 1536x1024, 1024x1536",via image_size,Yes,No,No,No,4,OpenAI's instruction-following and world knowledge in image form; conversational editing strength.,Token pricing is opaque and can spike; slow; strict content policy.,"Knowledge-grounded illustrations, iterative what-if editing, UI mockups with sensible text.","High-volume fixed-cost pipelines, uncensored creative range."
fal-ai/gpt-image-1/text-to-image,GPT Image,OpenAI,t2i,0.016,$0.016 per 1024x1024 (from example),1.1,"auto, 1024x1024, 1536x1024, 1024x1536",via image_size,No,No,No,No,4,OpenAI's instruction-following and world knowledge in image form; conversational editing strength.,Token pricing is opaque and can spike; slow; strict content policy.,"Knowledge-grounded illustrations, iterative what-if editing, UI mockups with sensible text.","High-volume fixed-cost pipelines, uncensored creative range."
openai/gpt-image-2,GPT Image,OpenAI,t2i,,token-based (varies with size/quality),1.1,"square_hd, square, portrait_4_3, portrait_16_9, landscape_4_3, landscape_16_9, auto",via image_size,No,No,No,No,4,OpenAI's instruction-following and world knowledge in image form; conversational editing strength.,Token pricing is opaque and can spike; slow; strict content policy.,"Knowledge-grounded illustrations, iterative what-if editing, UI mockups with sensible text.","High-volume fixed-cost pipelines, uncensored creative range."
openai/gpt-image-2/edit,GPT Image,OpenAI,i2i,,token-based (varies with size/quality),1.1,"square_hd, square, portrait_4_3, portrait_16_9, landscape_4_3, landscape_16_9, auto",via image_size,Yes,Yes,No,No,4,OpenAI's instruction-following and world knowledge in image form; conversational editing strength.,Token pricing is opaque and can spike; slow; strict content policy.,"Knowledge-grounded illustrations, iterative what-if editing, UI mockups with sensible text.","High-volume fixed-cost pipelines, uncensored creative range."
fal-ai/gemini-25-flash-image,Gemini Image,Google,t2i,0.039,$0.039 per image,,fixed,"21:9, 16:9, 3:2, 4:3, 5:4, 1:1, 4:5, 3:4, 2:3, 9:16",No,No,No,No,4,Conversational multimodal editing on Gemini models — iterate in plain language.,Fixed sizes; token pricing; filters.,"Chat-style creative iteration, mixed text+image workflows.",Deterministic batch pipelines.
fal-ai/gemini-25-flash-image/edit,Gemini Image,Google,i2i,0.039,$0.039 per image,,fixed,"auto, 21:9, 16:9, 3:2, 4:3, 5:4, 1:1, 4:5, 3:4, 2:3, 9:16",Yes,No,No,No,4,Conversational multimodal editing on Gemini models — iterate in plain language.,Fixed sizes; token pricing; filters.,"Chat-style creative iteration, mixed text+image workflows.",Deterministic batch pipelines.
fal-ai/gemini-3-pro-image-preview,Gemini Image,Google,t2i,0.15,$0.15 per image,16.8,"1K, 2K, 4K","auto, 21:9, 16:9, 3:2, 4:3, 5:4, 1:1, 4:5, 3:4, 2:3, 9:16",No,No,No,No,4,Conversational multimodal editing on Gemini models — iterate in plain language.,Fixed sizes; token pricing; filters.,"Chat-style creative iteration, mixed text+image workflows.",Deterministic batch pipelines.
fal-ai/gemini-3-pro-image-preview/edit,Gemini Image,Google,i2i,0.15,$0.15 per image,16.8,"1K, 2K, 4K","auto, 21:9, 16:9, 3:2, 4:3, 5:4, 1:1, 4:5, 3:4, 2:3, 9:16",Yes,No,No,No,4,Conversational multimodal editing on Gemini models — iterate in plain language.,Fixed sizes; token pricing; filters.,"Chat-style creative iteration, mixed text+image workflows.",Deterministic batch pipelines.
fal-ai/gemini-3.1-flash-image-preview,Gemini Image,Google,t2i,0.08,$0.08 per image,16.8,"0.5K, 1K, 2K, 4K","auto, 21:9, 16:9, 3:2, 4:3, 5:4, 1:1, 4:5, 3:4, 2:3, 9:16, 4:1, 1:4, 8:1, 1:8",No,No,No,No,4,Conversational multimodal editing on Gemini models — iterate in plain language.,Fixed sizes; token pricing; filters.,"Chat-style creative iteration, mixed text+image workflows.",Deterministic batch pipelines.
fal-ai/gemini-3.1-flash-image-preview/edit,Gemini Image,Google,i2i,0.08,$0.08 per image,16.8,"0.5K, 1K, 2K, 4K","auto, 21:9, 16:9, 3:2, 4:3, 5:4, 1:1, 4:5, 3:4, 2:3, 9:16, 4:1, 1:4, 8:1, 1:8",Yes,No,No,No,4,Conversational multimodal editing on Gemini models — iterate in plain language.,Fixed sizes; token pricing; filters.,"Chat-style creative iteration, mixed text+image workflows.",Deterministic batch pipelines.
xai/grok-imagine-image,Grok Imagine Image,xAI,t2i,0.02,$0.02 per image,4.2,"1k, 2k","2:1, 20:9, 19.5:9, 16:9, 4:3, 3:2, 1:1, 2:3, 3:4, 9:16, 9:19.5, 9:20, 1:2",No,No,No,No,4,"Fast, cheap stills from the Grok stack with editing modes.",720p-class output; X-ecosystem moderation quirks.,"Meme-speed social content, drafts for Grok video.","Print, 4K, brand-safety-critical work."
xai/grok-imagine-image/edit,Grok Imagine Image,xAI,i2i,0.022,$0.022 per image,4.2,"1k, 2k","auto, 2:1, 20:9, 19.5:9, 16:9, 4:3, 3:2, 1:1, 2:3, 3:4, 9:16, 9:19.5, 9:20, 1:2",Yes,No,No,No,4,"Fast, cheap stills from the Grok stack with editing modes.",720p-class output; X-ecosystem moderation quirks.,"Meme-speed social content, drafts for Grok video.","Print, 4K, brand-safety-critical work."
xai/grok-imagine-image/quality/edit,Grok Imagine Image,xAI,i2i,0.05,$0.05 (parsed loosely),4.2,"1k, 2k","auto, 2:1, 20:9, 19.5:9, 16:9, 4:3, 3:2, 1:1, 2:3, 3:4, 9:16, 9:19.5, 9:20, 1:2",Yes,No,No,No,4,"Fast, cheap stills from the Grok stack with editing modes.",720p-class output; X-ecosystem moderation quirks.,"Meme-speed social content, drafts for Grok video.","Print, 4K, brand-safety-critical work."
xai/grok-imagine-image/quality/text-to-image,Grok Imagine Image,xAI,t2i,0.05,$0.05 per image,4.2,"1k, 2k","2:1, 20:9, 19.5:9, 16:9, 4:3, 3:2, 1:1, 2:3, 3:4, 9:16, 9:19.5, 9:20, 1:2",No,No,No,No,4,"Fast, cheap stills from the Grok stack with editing modes.",720p-class output; X-ecosystem moderation quirks.,"Meme-speed social content, drafts for Grok video.","Print, 4K, brand-safety-critical work."
xai/grok-imagine-image/v2.0/edit,Grok Imagine Image,xAI,i2i,0.06,$0.06 medium 1K,4.2,"1k, 2k","auto, 2:1, 20:9, 19.5:9, 16:9, 4:3, 3:2, 1:1, 2:3, 3:4, 9:16, 9:19.5, 9:20, 1:2",Yes,No,No,No,4,"Fast, cheap stills from the Grok stack with editing modes.",720p-class output; X-ecosystem moderation quirks.,"Meme-speed social content, drafts for Grok video.","Print, 4K, brand-safety-critical work."
xai/grok-imagine-image/v2.0/text-to-image,Grok Imagine Image,xAI,t2i,0.06,$0.06 medium 1K,4.2,"1k, 2k","2:1, 20:9, 19.5:9, 16:9, 4:3, 3:2, 1:1, 2:3, 3:4, 9:16, 9:19.5, 9:20, 1:2",No,No,No,No,4,"Fast, cheap stills from the Grok stack with editing modes.",720p-class output; X-ecosystem moderation quirks.,"Meme-speed social content, drafts for Grok video.","Print, 4K, brand-safety-critical work."
fal-ai/hidream-i1-dev,HiDream,Hidream,t2i,0.03,$0.03/MP x 1MP,1.1,"square_hd, square, portrait_4_3, portrait_16_9, landscape_4_3, landscape_16_9",via image_size,No,No,No,No,4,Strong open aesthetic model family (I1/O1) with editing variants; arena-competitive.,Less tooling than FLUX ecosystem.,"High-quality open-weights generation, stylized portraits.",Text-heavy design.
fal-ai/hidream-i1-fast,HiDream,Hidream,t2i,0.01,$0.01/MP x 1MP,1.1,"square_hd, square, portrait_4_3, portrait_16_9, landscape_4_3, landscape_16_9",via image_size,No,No,No,No,4,Strong open aesthetic model family (I1/O1) with editing variants; arena-competitive.,Less tooling than FLUX ecosystem.,"High-quality open-weights generation, stylized portraits.",Text-heavy design.
fal-ai/hidream-i1-full,HiDream,Hidream,t2i,0.05,$0.05/MP x 1MP,1.1,"square_hd, square, portrait_4_3, portrait_16_9, landscape_4_3, landscape_16_9",via image_size,No,No,Yes,No,4,Strong open aesthetic model family (I1/O1) with editing variants; arena-competitive.,Less tooling than FLUX ecosystem.,"High-quality open-weights generation, stylized portraits.",Text-heavy design.
fal-ai/hidream-i1-full/image-to-image,HiDream,Hidream,i2i,0.05,$0.05/MP x 1MP,1.1,"square_hd, square, portrait_4_3, portrait_16_9, landscape_4_3, landscape_16_9",via image_size,Yes,No,Yes,No,4,Strong open aesthetic model family (I1/O1) with editing variants; arena-competitive.,Less tooling than FLUX ecosystem.,"High-quality open-weights generation, stylized portraits.",Text-heavy design.
fal-ai/hidream-o1-image,HiDream,Hidream,t2i,0.01,$0.01/MP x 1MP,1.1,"square_hd, square, portrait_4_3, portrait_16_9, landscape_4_3, landscape_16_9",via image_size,No,No,No,Yes,4,Strong open aesthetic model family (I1/O1) with editing variants; arena-competitive.,Less tooling than FLUX ecosystem.,"High-quality open-weights generation, stylized portraits.",Text-heavy design.
fal-ai/hidream-o1-image/dev,HiDream,,t2i,0.005,$0.005/MP x 1MP,1.1,"square_hd, square, portrait_4_3, portrait_16_9, landscape_4_3, landscape_16_9",via image_size,No,No,No,Yes,4,Strong open aesthetic model family (I1/O1) with editing variants; arena-competitive.,Less tooling than FLUX ecosystem.,"High-quality open-weights generation, stylized portraits.",Text-heavy design.
fal-ai/hidream-o1-image/dev/edit,HiDream,Hidream,i2i,0.005,$0.005/MP x 1MP,1.1,"square_hd, square, portrait_4_3, portrait_16_9, landscape_4_3, landscape_16_9",via image_size,No,No,No,Yes,4,Strong open aesthetic model family (I1/O1) with editing variants; arena-competitive.,Less tooling than FLUX ecosystem.,"High-quality open-weights generation, stylized portraits.",Text-heavy design.
fal-ai/hidream-o1-image/edit,HiDream,Hidream,i2i,0.01,$0.01/MP x 1MP,1.1,"square_hd, square, portrait_4_3, portrait_16_9, landscape_4_3, landscape_16_9",via image_size,No,No,No,Yes,4,Strong open aesthetic model family (I1/O1) with editing variants; arena-competitive.,Less tooling than FLUX ecosystem.,"High-quality open-weights generation, stylized portraits.",Text-heavy design.
fal-ai/hunyuan-image/v2.1/text-to-image,Hunyuan Image,Tencent,t2i,0.1,$0.1/MP x 1MP,1.1,"square_hd, square, portrait_4_3, portrait_16_9, landscape_4_3, landscape_16_9",via image_size,No,No,No,No,4,"Tencent's bilingual frontier model, strong at CJK text and dense scenes.",Western aesthetic styles trail; ecosystem thin outside China.,"Chinese-market campaigns, bilingual design.",English-idiom creative.
fal-ai/hunyuan-image/v3/instruct/edit,Hunyuan Image,Tencent,i2i,0.09,$0.09/MP x 1MP,1.1,"auto, square_hd, square, portrait_4_3, portrait_16_9, landscape_4_3, landscape_16_9",via image_size,Yes,No,No,No,4,"Tencent's bilingual frontier model, strong at CJK text and dense scenes.",Western aesthetic styles trail; ecosystem thin outside China.,"Chinese-market campaigns, bilingual design.",English-idiom creative.
fal-ai/hunyuan-image/v3/instruct/text-to-image,Hunyuan Image,Tencent,t2i,0.09,$0.09/MP x 1MP,1.1,"auto, square_hd, square, portrait_4_3, portrait_16_9, landscape_4_3, landscape_16_9",via image_size,No,No,No,No,4,"Tencent's bilingual frontier model, strong at CJK text and dense scenes.",Western aesthetic styles trail; ecosystem thin outside China.,"Chinese-market campaigns, bilingual design.",English-idiom creative.
fal-ai/hunyuan-image/v3/text-to-image,Hunyuan Image,Tencent,t2i,0.1,$0.1/MP x 1MP,1.1,"square_hd, square, portrait_4_3, portrait_16_9, landscape_4_3, landscape_16_9",via image_size,No,No,No,No,4,"Tencent's bilingual frontier model, strong at CJK text and dense scenes.",Western aesthetic styles trail; ecosystem thin outside China.,"Chinese-market campaigns, bilingual design.",English-idiom creative.
fal-ai/ideogram/character,Ideogram,Ideogram,i2i,0.15,$0.15 BALANCED mode (TURBO $0.1),1.1,"square_hd, square, portrait_4_3, portrait_16_9, landscape_4_3, landscape_16_9",via image_size,Yes,No,No,Yes,8,"Best-in-class text rendering and layout control (v4 adds JSON prompting, bounding boxes, palettes); open weights at the frontier of design.",Photorealism and prompt reasoning trail closed leaders; busy scenes can look graphic-design-flat.,"Posters, packaging, ads, thumbnails, logos, any image where words must be readable.","Cinematic photorealism, subtle photographic editing."
fal-ai/ideogram/character/edit,Ideogram,Ideogram,i2i,0.15,$0.15 BALANCED mode (TURBO $0.1),,fixed,fixed,Yes,Yes,No,Yes,8,"Best-in-class text rendering and layout control (v4 adds JSON prompting, bounding boxes, palettes); open weights at the frontier of design.",Photorealism and prompt reasoning trail closed leaders; busy scenes can look graphic-design-flat.,"Posters, packaging, ads, thumbnails, logos, any image where words must be readable.","Cinematic photorealism, subtle photographic editing."
fal-ai/ideogram/character/remix,Ideogram,Ideogram,i2i,0.15,$0.15 BALANCED mode (TURBO $0.1),1.1,"square_hd, square, portrait_4_3, portrait_16_9, landscape_4_3, landscape_16_9",via image_size,Yes,No,No,Yes,8,"Best-in-class text rendering and layout control (v4 adds JSON prompting, bounding boxes, palettes); open weights at the frontier of design.",Photorealism and prompt reasoning trail closed leaders; busy scenes can look graphic-design-flat.,"Posters, packaging, ads, thumbnails, logos, any image where words must be readable.","Cinematic photorealism, subtle photographic editing."
fal-ai/ideogram/custom-models/generate,Ideogram,Ideogram,t2i,0.06,$0.06 BALANCED mode (TURBO $0.03),,fixed,"1:3, 3:1, 1:2, 2:1, 9:16, 16:9, 10:16, 16:10, 2:3, 3:2, 3:4, 4:3, 4:5, 5:4, 1:1",No,No,No,No,8,"Best-in-class text rendering and layout control (v4 adds JSON prompting, bounding boxes, palettes); open weights at the frontier of design.",Photorealism and prompt reasoning trail closed leaders; busy scenes can look graphic-design-flat.,"Posters, packaging, ads, thumbnails, logos, any image where words must be readable.","Cinematic photorealism, subtle photographic editing."
fal-ai/ideogram/object-removal,Ideogram,Ideogram,i2i,0.03,$0.03 per generation,,fixed,fixed,Yes,Yes,No,No,1,"Best-in-class text rendering and layout control (v4 adds JSON prompting, bounding boxes, palettes); open weights at the frontier of design.",Photorealism and prompt reasoning trail closed leaders; busy scenes can look graphic-design-flat.,"Posters, packaging, ads, thumbnails, logos, any image where words must be readable.","Cinematic photorealism, subtle photographic editing."
fal-ai/ideogram/remove-background,Ideogram,Ideogram,i2i,0.01,$0.01 (parsed loosely),,fixed,fixed,Yes,No,No,No,1,"Best-in-class text rendering and layout control (v4 adds JSON prompting, bounding boxes, palettes); open weights at the frontier of design.",Photorealism and prompt reasoning trail closed leaders; busy scenes can look graphic-design-flat.,"Posters, packaging, ads, thumbnails, logos, any image where words must be readable.","Cinematic photorealism, subtle photographic editing."
fal-ai/ideogram/upscale,Ideogram,Ideogram,i2i,0.06,$0.06 per image,,fixed,fixed,Yes,No,No,No,1,"Best-in-class text rendering and layout control (v4 adds JSON prompting, bounding boxes, palettes); open weights at the frontier of design.",Photorealism and prompt reasoning trail closed leaders; busy scenes can look graphic-design-flat.,"Posters, packaging, ads, thumbnails, logos, any image where words must be readable.","Cinematic photorealism, subtle photographic editing."
fal-ai/ideogram/v2,Ideogram,Ideogram,t2i,0.08,$0.08 per image,,fixed,"10:16, 16:10, 9:16, 16:9, 4:3, 3:4, 1:1, 1:3, 3:1, 3:2, 2:3",No,No,No,Yes,1,"Best-in-class text rendering and layout control (v4 adds JSON prompting, bounding boxes, palettes); open weights at the frontier of design.",Photorealism and prompt reasoning trail closed leaders; busy scenes can look graphic-design-flat.,"Posters, packaging, ads, thumbnails, logos, any image where words must be readable.","Cinematic photorealism, subtle photographic editing."
fal-ai/ideogram/v2/edit,Ideogram,Ideogram,i2i,0.08,$0.08 per image,,fixed,fixed,Yes,Yes,No,Yes,1,"Best-in-class text rendering and layout control (v4 adds JSON prompting, bounding boxes, palettes); open weights at the frontier of design.",Photorealism and prompt reasoning trail closed leaders; busy scenes can look graphic-design-flat.,"Posters, packaging, ads, thumbnails, logos, any image where words must be readable.","Cinematic photorealism, subtle photographic editing."
fal-ai/ideogram/v2/remix,Ideogram,Ideogram,i2i,0.08,$0.08 per image,,fixed,"10:16, 16:10, 9:16, 16:9, 4:3, 3:4, 1:1, 1:3, 3:1, 3:2, 2:3",Yes,No,No,Yes,1,"Best-in-class text rendering and layout control (v4 adds JSON prompting, bounding boxes, palettes); open weights at the frontier of design.",Photorealism and prompt reasoning trail closed leaders; busy scenes can look graphic-design-flat.,"Posters, packaging, ads, thumbnails, logos, any image where words must be readable.","Cinematic photorealism, subtle photographic editing."
fal-ai/ideogram/v2/turbo,Ideogram,Ideogram,t2i,0.05,$0.05 per image,,fixed,"10:16, 16:10, 9:16, 16:9, 4:3, 3:4, 1:1, 1:3, 3:1, 3:2, 2:3",No,No,No,Yes,1,"Best-in-class text rendering and layout control (v4 adds JSON prompting, bounding boxes, palettes); open weights at the frontier of design.",Photorealism and prompt reasoning trail closed leaders; busy scenes can look graphic-design-flat.,"Posters, packaging, ads, thumbnails, logos, any image where words must be readable.","Cinematic photorealism, subtle photographic editing."
fal-ai/ideogram/v2/turbo/edit,Ideogram,Ideogram,i2i,0.05,$0.05 per image,,fixed,fixed,Yes,Yes,No,Yes,1,"Best-in-class text rendering and layout control (v4 adds JSON prompting, bounding boxes, palettes); open weights at the frontier of design.",Photorealism and prompt reasoning trail closed leaders; busy scenes can look graphic-design-flat.,"Posters, packaging, ads, thumbnails, logos, any image where words must be readable.","Cinematic photorealism, subtle photographic editing."
fal-ai/ideogram/v2/turbo/remix,Ideogram,Ideogram,i2i,0.05,$0.05 per image,,fixed,"10:16, 16:10, 9:16, 16:9, 4:3, 3:4, 1:1, 1:3, 3:1, 3:2, 2:3",Yes,No,No,Yes,1,"Best-in-class text rendering and layout control (v4 adds JSON prompting, bounding boxes, palettes); open weights at the frontier of design.",Photorealism and prompt reasoning trail closed leaders; busy scenes can look graphic-design-flat.,"Posters, packaging, ads, thumbnails, logos, any image where words must be readable.","Cinematic photorealism, subtle photographic editing."
fal-ai/ideogram/v2a,Ideogram,Ideogram,t2i,0.04,$0.04 per image,,fixed,"10:16, 16:10, 9:16, 16:9, 4:3, 3:4, 1:1, 1:3, 3:1, 3:2, 2:3",No,No,No,Yes,1,"Best-in-class text rendering and layout control (v4 adds JSON prompting, bounding boxes, palettes); open weights at the frontier of design.",Photorealism and prompt reasoning trail closed leaders; busy scenes can look graphic-design-flat.,"Posters, packaging, ads, thumbnails, logos, any image where words must be readable.","Cinematic photorealism, subtle photographic editing."
fal-ai/ideogram/v2a/remix,Ideogram,Ideogram,i2i,0.04,$0.04 per image,,fixed,"10:16, 16:10, 9:16, 16:9, 4:3, 3:4, 1:1, 1:3, 3:1, 3:2, 2:3",Yes,No,No,Yes,1,"Best-in-class text rendering and layout control (v4 adds JSON prompting, bounding boxes, palettes); open weights at the frontier of design.",Photorealism and prompt reasoning trail closed leaders; busy scenes can look graphic-design-flat.,"Posters, packaging, ads, thumbnails, logos, any image where words must be readable.","Cinematic photorealism, subtle photographic editing."
fal-ai/ideogram/v2a/turbo,Ideogram,Ideogram,t2i,0.025,$0.025 per image,,fixed,"10:16, 16:10, 9:16, 16:9, 4:3, 3:4, 1:1, 1:3, 3:1, 3:2, 2:3",No,No,No,Yes,1,"Best-in-class text rendering and layout control (v4 adds JSON prompting, bounding boxes, palettes); open weights at the frontier of design.",Photorealism and prompt reasoning trail closed leaders; busy scenes can look graphic-design-flat.,"Posters, packaging, ads, thumbnails, logos, any image where words must be readable.","Cinematic photorealism, subtle photographic editing."
fal-ai/ideogram/v2a/turbo/remix,Ideogram,Ideogram,i2i,0.025,$0.025 per image,,fixed,"10:16, 16:10, 9:16, 16:9, 4:3, 3:4, 1:1, 1:3, 3:1, 3:2, 2:3",Yes,No,No,Yes,1,"Best-in-class text rendering and layout control (v4 adds JSON prompting, bounding boxes, palettes); open weights at the frontier of design.",Photorealism and prompt reasoning trail closed leaders; busy scenes can look graphic-design-flat.,"Posters, packaging, ads, thumbnails, logos, any image where words must be readable.","Cinematic photorealism, subtle photographic editing."
fal-ai/ideogram/v3,Ideogram,Ideogram,t2i,0.06,$0.06 BALANCED mode (TURBO $0.03),1.1,"square_hd, square, portrait_4_3, portrait_16_9, landscape_4_3, landscape_16_9",via image_size,Yes,No,No,Yes,8,"Best-in-class text rendering and layout control (v4 adds JSON prompting, bounding boxes, palettes); open weights at the frontier of design.",Photorealism and prompt reasoning trail closed leaders; busy scenes can look graphic-design-flat.,"Posters, packaging, ads, thumbnails, logos, any image where words must be readable.","Cinematic photorealism, subtle photographic editing."
fal-ai/ideogram/v3/edit,Ideogram,Ideogram,i2i,0.06,$0.06 BALANCED mode (TURBO $0.03),,fixed,fixed,Yes,Yes,No,No,8,"Best-in-class text rendering and layout control (v4 adds JSON prompting, bounding boxes, palettes); open weights at the frontier of design.",Photorealism and prompt reasoning trail closed leaders; busy scenes can look graphic-design-flat.,"Posters, packaging, ads, thumbnails, logos, any image where words must be readable.","Cinematic photorealism, subtle photographic editing."
fal-ai/ideogram/v3/generate-transparent,Ideogram,Ideogram,t2i,0.06,$0.06 BALANCED mode (TURBO $0.03),,fixed,"1:3, 3:1, 1:2, 2:1, 9:16, 16:9, 10:16, 16:10, 2:3, 3:2, 3:4, 4:3, 4:5, 5:4, 1:1",No,No,No,No,8,"Best-in-class text rendering and layout control (v4 adds JSON prompting, bounding boxes, palettes); open weights at the frontier of design.",Photorealism and prompt reasoning trail closed leaders; busy scenes can look graphic-design-flat.,"Posters, packaging, ads, thumbnails, logos, any image where words must be readable.","Cinematic photorealism, subtle photographic editing."
fal-ai/ideogram/v3/layerize-text,Ideogram,Ideogram,i2i,0.09,$0.09 per image,,fixed,fixed,Yes,No,No,No,1,"Best-in-class text rendering and layout control (v4 adds JSON prompting, bounding boxes, palettes); open weights at the frontier of design.",Photorealism and prompt reasoning trail closed leaders; busy scenes can look graphic-design-flat.,"Posters, packaging, ads, thumbnails, logos, any image where words must be readable.","Cinematic photorealism, subtle photographic editing."
fal-ai/ideogram/v3/reframe,Ideogram,Ideogram,i2i,0.06,$0.06 BALANCED mode (TURBO $0.03),1.1,"square_hd, square, portrait_4_3, portrait_16_9, landscape_4_3, landscape_16_9",via image_size,Yes,No,No,Yes,8,"Best-in-class text rendering and layout control (v4 adds JSON prompting, bounding boxes, palettes); open weights at the frontier of design.",Photorealism and prompt reasoning trail closed leaders; busy scenes can look graphic-design-flat.,"Posters, packaging, ads, thumbnails, logos, any image where words must be readable.","Cinematic photorealism, subtle photographic editing."
fal-ai/ideogram/v3/remix,Ideogram,Ideogram,i2i,0.06,$0.06 BALANCED mode (TURBO $0.03),1.1,"square_hd, square, portrait_4_3, portrait_16_9, landscape_4_3, landscape_16_9",via image_size,Yes,No,No,Yes,8,"Best-in-class text rendering and layout control (v4 adds JSON prompting, bounding boxes, palettes); open weights at the frontier of design.",Photorealism and prompt reasoning trail closed leaders; busy scenes can look graphic-design-flat.,"Posters, packaging, ads, thumbnails, logos, any image where words must be readable.","Cinematic photorealism, subtle photographic editing."
fal-ai/ideogram/v3/replace-background,Ideogram,Ideogram,i2i,0.06,$0.06 BALANCED mode (TURBO $0.03),,fixed,fixed,Yes,No,No,Yes,8,"Best-in-class text rendering and layout control (v4 adds JSON prompting, bounding boxes, palettes); open weights at the frontier of design.",Photorealism and prompt reasoning trail closed leaders; busy scenes can look graphic-design-flat.,"Posters, packaging, ads, thumbnails, logos, any image where words must be readable.","Cinematic photorealism, subtle photographic editing."
ideogram/v4,Ideogram,Ideogram,t2i,0.015,$0.015/MP (BALANCED) x 1MP,1.1,"square_hd, square, portrait_4_3, portrait_16_9, landscape_4_3, landscape_16_9",via image_size,No,No,No,No,4,"Best-in-class text rendering and layout control (v4 adds JSON prompting, bounding boxes, palettes); open weights at the frontier of design.",Photorealism and prompt reasoning trail closed leaders; busy scenes can look graphic-design-flat.,"Posters, packaging, ads, thumbnails, logos, any image where words must be readable.","Cinematic photorealism, subtle photographic editing."
ideogram/v4/fast,Ideogram,Ideogram,t2i,0.0105,$0.0105/MP (BALANCED) x 1MP,1.1,"square_hd, square, portrait_4_3, portrait_16_9, landscape_4_3, landscape_16_9",via image_size,No,No,No,No,4,"Best-in-class text rendering and layout control (v4 adds JSON prompting, bounding boxes, palettes); open weights at the frontier of design.",Photorealism and prompt reasoning trail closed leaders; busy scenes can look graphic-design-flat.,"Posters, packaging, ads, thumbnails, logos, any image where words must be readable.","Cinematic photorealism, subtle photographic editing."
ideogram/v4/image-to-image,Ideogram,Ideogram,i2i,0.015,$0.015/MP (BALANCED) x 1MP,1.1,"square_hd, square, portrait_4_3, portrait_16_9, landscape_4_3, landscape_16_9, auto",via image_size,Yes,No,No,No,4,"Best-in-class text rendering and layout control (v4 adds JSON prompting, bounding boxes, palettes); open weights at the frontier of design.",Photorealism and prompt reasoning trail closed leaders; busy scenes can look graphic-design-flat.,"Posters, packaging, ads, thumbnails, logos, any image where words must be readable.","Cinematic photorealism, subtle photographic editing."
ideogram/v4/image-to-image/lora,Ideogram,Ideogram,i2i,0.0225,$0.0225/MP (BALANCED) x 1MP,1.1,"square_hd, square, portrait_4_3, portrait_16_9, landscape_4_3, landscape_16_9, auto",via image_size,Yes,No,Yes,No,4,"Best-in-class text rendering and layout control (v4 adds JSON prompting, bounding boxes, palettes); open weights at the frontier of design.",Photorealism and prompt reasoning trail closed leaders; busy scenes can look graphic-design-flat.,"Posters, packaging, ads, thumbnails, logos, any image where words must be readable.","Cinematic photorealism, subtle photographic editing."
ideogram/v4/instant,Ideogram,Ideogram,t2i,0.0075,$0.0075/MP x 1MP,1.1,"square_hd, square, portrait_4_3, portrait_16_9, landscape_4_3, landscape_16_9",via image_size,No,No,No,No,4,"Best-in-class text rendering and layout control (v4 adds JSON prompting, bounding boxes, palettes); open weights at the frontier of design.",Photorealism and prompt reasoning trail closed leaders; busy scenes can look graphic-design-flat.,"Posters, packaging, ads, thumbnails, logos, any image where words must be readable.","Cinematic photorealism, subtle photographic editing."
ideogram/v4/lora,Ideogram,Ideogram,t2i,0.0225,$0.0225/MP (BALANCED) x 1MP,1.1,"square_hd, square, portrait_4_3, portrait_16_9, landscape_4_3, landscape_16_9",via image_size,No,No,Yes,No,4,"Best-in-class text rendering and layout control (v4 adds JSON prompting, bounding boxes, palettes); open weights at the frontier of design.",Photorealism and prompt reasoning trail closed leaders; busy scenes can look graphic-design-flat.,"Posters, packaging, ads, thumbnails, logos, any image where words must be readable.","Cinematic photorealism, subtle photographic editing."
ideogram/v4/tiling,Ideogram,Ideogram,i2i,0.06,$0.06/MP (BALANCED) x 1MP,1.1,"square_hd, square, portrait_4_3, portrait_16_9, landscape_4_3, landscape_16_9",via image_size,Yes,Yes,No,No,4,"Best-in-class text rendering and layout control (v4 adds JSON prompting, bounding boxes, palettes); open weights at the frontier of design.",Photorealism and prompt reasoning trail closed leaders; busy scenes can look graphic-design-flat.,"Posters, packaging, ads, thumbnails, logos, any image where words must be readable.","Cinematic photorealism, subtle photographic editing."
ideogram/v4/tiling/lora,Ideogram,Ideogram,i2i,0.0675,$0.0675/MP (BALANCED) x 1MP,1.1,"square_hd, square, portrait_4_3, portrait_16_9, landscape_4_3, landscape_16_9",via image_size,Yes,Yes,Yes,No,4,"Best-in-class text rendering and layout control (v4 adds JSON prompting, bounding boxes, palettes); open weights at the frontier of design.",Photorealism and prompt reasoning trail closed leaders; busy scenes can look graphic-design-flat.,"Posters, packaging, ads, thumbnails, logos, any image where words must be readable.","Cinematic photorealism, subtle photographic editing."
fal-ai/ben/v2/image,Image utilities,,i2i,0.025,$0.025/MP x 1MP,,fixed,fixed,Yes,No,No,No,1,"Deterministic helpers (resize, SVG-trace, watermark, interpolation).",Not generative.,Pipeline glue.,Creation.
fal-ai/ffmpeg-api/extract-frame,Image utilities,,i2i,0.0002,$0.0002 (parsed loosely),,fixed,fixed,No,No,No,No,1,"Deterministic helpers (resize, SVG-trace, watermark, interpolation).",Not generative.,Pipeline glue.,Creation.
fal-ai/film,Image utilities,,i2i,,billed per GPU compute-second,,fixed,fixed,No,No,No,No,1,"Deterministic helpers (resize, SVG-trace, watermark, interpolation).",Not generative.,Pipeline glue.,Creation.
fal-ai/image2svg,Image utilities,,i2i,0.005,$0.005 per image,,fixed,fixed,Yes,No,No,No,1,"Deterministic helpers (resize, SVG-trace, watermark, interpolation).",Not generative.,Pipeline glue.,Creation.
fal-ai/imageutils/depth,Image utilities,,i2i,,billed per GPU compute-second,,fixed,fixed,Yes,No,No,No,1,"Deterministic helpers (resize, SVG-trace, watermark, interpolation).",Not generative.,Pipeline glue.,Creation.
fal-ai/imageutils/marigold-depth,Image utilities,,i2i,,billed per GPU compute-second,,fixed,fixed,Yes,No,No,No,1,"Deterministic helpers (resize, SVG-trace, watermark, interpolation).",Not generative.,Pipeline glue.,Creation.
fal-ai/invisible-watermark,Image utilities,,i2i,,,,fixed,fixed,No,No,No,No,1,"Deterministic helpers (resize, SVG-trace, watermark, interpolation).",Not generative.,Pipeline glue.,Creation.
fal-ai/rife,Image utilities,,i2i,,billed per GPU compute-second,,fixed,fixed,No,No,No,No,1,"Deterministic helpers (resize, SVG-trace, watermark, interpolation).",Not generative.,Pipeline glue.,Creation.
fal-ai/smart-resize,Image utilities,,i2i,0.15,$0.15 (parsed loosely),16.8,"1K, 2K, 4K",fixed,Yes,No,No,No,1,"Deterministic helpers (resize, SVG-trace, watermark, interpolation).",Not generative.,Pipeline glue.,Creation.
fal-ai/vecglypher,Image utilities,,t2i,0.005,$0.005 per image,,fixed,fixed,No,No,No,No,1,"Deterministic helpers (resize, SVG-trace, watermark, interpolation).",Not generative.,Pipeline glue.,Creation.
fal-ai/vecglypher/image-to-svg,Image utilities,,i2i,0.005,$0.005 per image,,fixed,fixed,No,No,No,Yes,1,"Deterministic helpers (resize, SVG-trace, watermark, interpolation).",Not generative.,Pipeline glue.,Creation.
fal-ai/workflow-utilities/extract-nth-frame,Image utilities,,i2i,,billed per GPU compute-second,,fixed,fixed,No,No,No,No,1,"Deterministic helpers (resize, SVG-trace, watermark, interpolation).",Not generative.,Pipeline glue.,Creation.
imagineart/imagineart-1.5-preview/text-to-image,ImagineArt,ImagineArt,t2i,0.03,$0.03 per image,,fixed,"1:1, 3:1, 1:3, 16:9, 9:16, 4:3, 3:4, 3:2, 2:3",No,No,No,No,1,Aggregator-tuned generation tiers focused on consumer aesthetics.,Derivative capability; opaque versioning.,Consumer-app style output.,Precise control work.
imagineart/imagineart-1.5-pro-preview/text-to-image,ImagineArt,ImagineArt,t2i,0.045,$0.045 per image,16.8,fixed,"1:1, 3:1, 1:3, 16:9, 9:16, 4:3, 3:4, 3:2, 2:3",No,No,No,No,1,Aggregator-tuned generation tiers focused on consumer aesthetics.,Derivative capability; opaque versioning.,Consumer-app style output.,Precise control work.
imagineart/imagineart-2.0-edit-preview/image-to-image,ImagineArt,,i2i,0.05,$0.05 (parsed loosely),,fixed,"auto, 1:1, 9:16, 16:9, 3:2, 2:3, 4:3, 3:4, 4:5, 5:4, 3:1, 1:3, 21:9",Yes,No,No,No,1,Aggregator-tuned generation tiers focused on consumer aesthetics.,Derivative capability; opaque versioning.,Consumer-app style output.,Precise control work.
imagineart/imagineart-2.0-preview/text-to-image,ImagineArt,ImagineArt,t2i,0.05,$0.05 per image,4.2,"1K, 2K","1:1, 16:9, 9:16, 4:3, 3:4, 3:1, 1:3, 3:2, 2:3, 21:9, 4:5, 5:4, 4:1, 1:4",No,No,No,No,1,Aggregator-tuned generation tiers focused on consumer aesthetics.,Derivative capability; opaque versioning.,Consumer-app style output.,Precise control work.
fal-ai/janus,Janus,,t2i,,billed per GPU compute-second,1.1,"square_hd, square, portrait_4_3, portrait_16_9, landscape_4_3, landscape_16_9",via image_size,No,No,No,No,16,DeepSeek's unified understanding+generation research model.,"Small, dated.",Research.,Production.
rundiffusion-fal/juggernaut-flux-lora,Juggernaut FLUX,Rundiffusion,t2i,0.045,$0.045/MP x 1MP,1.1,"square_hd, square, portrait_4_3, portrait_16_9, landscape_4_3, landscape_16_9",via image_size,No,No,Yes,No,4,"RunDiffusion's photoreal FLUX finetune — skin, lighting and lens realism above base.",Less flexible on stylized looks.,Photoreal portraits and lifestyle imagery.,"Illustration, typography."
rundiffusion-fal/juggernaut-flux-lora/inpainting,Juggernaut FLUX,Rundiffusion,i2i,0.045,$0.045/MP x 1MP,1.1,"square_hd, square, portrait_4_3, portrait_16_9, landscape_4_3, landscape_16_9",via image_size,Yes,Yes,Yes,No,4,"RunDiffusion's photoreal FLUX finetune — skin, lighting and lens realism above base.",Less flexible on stylized looks.,Photoreal portraits and lifestyle imagery.,"Illustration, typography."
rundiffusion-fal/juggernaut-flux/base,Juggernaut FLUX,Rundiffusion,t2i,0.035,$0.035/MP x 1MP,1.1,"square_hd, square, portrait_4_3, portrait_16_9, landscape_4_3, landscape_16_9",via image_size,No,No,No,No,4,"RunDiffusion's photoreal FLUX finetune — skin, lighting and lens realism above base.",Less flexible on stylized looks.,Photoreal portraits and lifestyle imagery.,"Illustration, typography."
rundiffusion-fal/juggernaut-flux/base/image-to-image,Juggernaut FLUX,Rundiffusion,i2i,0.035,$0.035/MP x 1MP,,fixed,fixed,Yes,No,No,No,4,"RunDiffusion's photoreal FLUX finetune — skin, lighting and lens realism above base.",Less flexible on stylized looks.,Photoreal portraits and lifestyle imagery.,"Illustration, typography."
rundiffusion-fal/juggernaut-flux/lightning,Juggernaut FLUX,Rundiffusion,t2i,0.006,$0.006/MP x 1MP,1.1,"square_hd, square, portrait_4_3, portrait_16_9, landscape_4_3, landscape_16_9",via image_size,No,No,No,No,4,"RunDiffusion's photoreal FLUX finetune — skin, lighting and lens realism above base.",Less flexible on stylized looks.,Photoreal portraits and lifestyle imagery.,"Illustration, typography."
rundiffusion-fal/juggernaut-flux/pro,Juggernaut FLUX,Rundiffusion,t2i,0.055,$0.055/MP x 1MP,1.1,"square_hd, square, portrait_4_3, portrait_16_9, landscape_4_3, landscape_16_9",via image_size,No,No,No,No,4,"RunDiffusion's photoreal FLUX finetune — skin, lighting and lens realism above base.",Less flexible on stylized looks.,Photoreal portraits and lifestyle imagery.,"Illustration, typography."
rundiffusion-fal/juggernaut-flux/pro/image-to-image,Juggernaut FLUX,Rundiffusion,i2i,0.055,$0.055/MP x 1MP,,fixed,fixed,Yes,No,No,No,4,"RunDiffusion's photoreal FLUX finetune — skin, lighting and lens realism above base.",Less flexible on stylized looks.,Photoreal portraits and lifestyle imagery.,"Illustration, typography."
rundiffusion-fal/rundiffusion-photo-flux,Juggernaut FLUX,Rundiffusion,t2i,0.045,$0.045/MP x 1MP,1.1,"square_hd, square, portrait_4_3, portrait_16_9, landscape_4_3, landscape_16_9",via image_size,No,No,Yes,No,4,"RunDiffusion's photoreal FLUX finetune — skin, lighting and lens realism above base.",Less flexible on stylized looks.,Photoreal portraits and lifestyle imagery.,"Illustration, typography."
fal-ai/kling-image/o1,Kling Image,Kling,i2i,0.028,$0.028 per image,4.2,"1K, 2K","auto, 16:9, 9:16, 1:1, 4:3, 3:4, 3:2, 2:3, 21:9",Yes,No,No,No,9,Kling's image line incl. Kolors virtual try-on.,Image side is a sideshow to their video models.,"Try-on demos, Kling-ecosystem stills.",General generation.
fal-ai/kling-image/o3/image-to-image,Kling Image,Kling,i2i,0.028,$0.028 per image,16.8,"1K, 2K, 4K","16:9, 9:16, 1:1, 4:3, 3:4, 3:2, 2:3, 21:9, auto",Yes,No,No,No,9,Kling's image line incl. Kolors virtual try-on.,Image side is a sideshow to their video models.,"Try-on demos, Kling-ecosystem stills.",General generation.
fal-ai/kling-image/o3/text-to-image,Kling Image,Kling,t2i,0.028,$0.028 per image,16.8,"1K, 2K, 4K","16:9, 9:16, 1:1, 4:3, 3:4, 3:2, 2:3, 21:9",No,No,No,No,9,Kling's image line incl. Kolors virtual try-on.,Image side is a sideshow to their video models.,"Try-on demos, Kling-ecosystem stills.",General generation.
fal-ai/kling-image/v3/image-to-image,Kling Image,Kling,i2i,0.028,$0.028 per image,4.2,"1K, 2K","16:9, 9:16, 1:1, 4:3, 3:4, 3:2, 2:3, 21:9",Yes,No,No,No,9,Kling's image line incl. Kolors virtual try-on.,Image side is a sideshow to their video models.,"Try-on demos, Kling-ecosystem stills.",General generation.
fal-ai/kling-image/v3/text-to-image,Kling Image,Kling,t2i,0.028,$0.028 per image,4.2,"1K, 2K","16:9, 9:16, 1:1, 4:3, 3:4, 3:2, 2:3, 21:9",No,No,No,No,9,Kling's image line incl. Kolors virtual try-on.,Image side is a sideshow to their video models.,"Try-on demos, Kling-ecosystem stills.",General generation.
fal-ai/kling/v1-5/kolors-virtual-try-on,Kling Image,Kling,i2i,0.07,$0.07 per generation,,fixed,fixed,No,No,No,No,1,Kling's image line incl. Kolors virtual try-on.,Image side is a sideshow to their video models.,"Try-on demos, Kling-ecosystem stills.",General generation.
fal-ai/kolors,Kolors,,t2i,,billed per GPU compute-second,1.1,"square_hd, square, portrait_4_3, portrait_16_9, landscape_4_3, landscape_16_9",via image_size,No,No,No,No,8,"Kwai's photoreal SDXL-class model, strong on faces.",Dated vs 2026 frontier.,Photoreal portraits on a budget.,"Text, complex scenes."
fal-ai/kolors/image-to-image,Kolors,,i2i,,billed per GPU compute-second,1.1,"square_hd, square, portrait_4_3, portrait_16_9, landscape_4_3, landscape_16_9",via image_size,Yes,No,No,No,8,"Kwai's photoreal SDXL-class model, strong on faces.",Dated vs 2026 frontier.,Photoreal portraits on a budget.,"Text, complex scenes."
fal-ai/krea-2/turbo,Krea,Krea,t2i,0.008,$0.008/MP x 1MP,1.1,"square_hd, square, portrait_4_3, portrait_16_9, landscape_4_3, landscape_16_9",via image_size,No,No,No,No,4,Krea's realtime/enhance stack — fast iterative generation.,Quality tier below frontier.,"Live ideation, enhancement passes.",Final masters.
fal-ai/krea-2/turbo/lora,Krea,Krea,t2i,0.01,$0.01/MP x 1MP,1.1,"square_hd, square, portrait_4_3, portrait_16_9, landscape_4_3, landscape_16_9",via image_size,No,No,Yes,No,4,Krea's realtime/enhance stack — fast iterative generation.,Quality tier below frontier.,"Live ideation, enhancement passes.",Final masters.
fal-ai/krea-2/turbo/style,Krea,Krea,t2i,0.01,$0.01/MP x 1MP,1.1,"square_hd, square, portrait_4_3, portrait_16_9, landscape_4_3, landscape_16_9",via image_size,No,No,No,Yes,4,Krea's realtime/enhance stack — fast iterative generation.,Quality tier below frontier.,"Live ideation, enhancement passes.",Final masters.
krea/v2/large/text-to-image,Krea,Krea,t2i,0.06,$0.060 t2i base,,fixed,"1:1, 4:3, 3:2, 16:9, 2.35:1, 4:5, 2:3, 9:16",No,No,No,No,1,Krea's realtime/enhance stack — fast iterative generation.,Quality tier below frontier.,"Live ideation, enhancement passes.",Final masters.
krea/v2/medium/text-to-image,Krea,Krea,t2i,0.03,$0.030 t2i base,,fixed,"1:1, 4:3, 3:2, 16:9, 2.35:1, 4:5, 2:3, 9:16",No,No,No,No,1,Krea's realtime/enhance stack — fast iterative generation.,Quality tier below frontier.,"Live ideation, enhancement passes.",Final masters.
krea/v2/medium/turbo/text-to-image,Krea,Krea,t2i,0.015,$0.015 t2i base,,fixed,"1:1, 4:3, 3:2, 16:9, 2.35:1, 4:5, 2:3, 9:16",No,No,No,No,1,Krea's realtime/enhance stack — fast iterative generation.,Quality tier below frontier.,"Live ideation, enhancement passes.",Final masters.
fal-ai/nucleus-image,Labs T2I misc,,t2i,0.01,$0.01/MP x 1MP,,fixed,"1:1, 16:9, 9:16, 4:3, 3:4, 3:2, 2:3",No,No,No,No,2,"Assorted lab models (SenseNova, Ovis, Boogu...).",Thin documentation and evals.,Evaluation and benchmarking.,Committed pipelines.
fal-ai/ovis-image,Labs T2I misc,,t2i,0.012,$0.012/MP x 1MP,1.1,"square_hd, square, portrait_4_3, portrait_16_9, landscape_4_3, landscape_16_9",via image_size,No,No,No,No,4,"Assorted lab models (SenseNova, Ovis, Boogu...).",Thin documentation and evals.,Evaluation and benchmarking.,Committed pipelines.
fal-ai/sensenova-u1-infographic,Labs T2I misc,,t2i,0.05,$0.05 per 1K image,,fixed,"1:1, 16:9, 9:16, 3:2, 2:3, 4:3, 3:4, 1:2, 2:1",No,No,No,No,1,"Assorted lab models (SenseNova, Ovis, Boogu...).",Thin documentation and evals.,Evaluation and benchmarking.,Committed pipelines.
fal-ai/longcat-image,LongCat Image,,t2i,0.13,$0.13/MP x 1MP,1.1,"square_hd, square, portrait_4_3, portrait_16_9, landscape_4_3, landscape_16_9",via image_size,No,No,No,No,4,Meituan's image line alongside LongCat video.,"Young, thin docs.",Ecosystem experiments.,Committed pipelines.
fal-ai/longcat-image/edit,LongCat Image,,i2i,0.15,$0.15/MP x 1MP,,fixed,fixed,Yes,No,No,No,4,Meituan's image line alongside LongCat video.,"Young, thin docs.",Ecosystem experiments.,Committed pipelines.
fal-ai/luma-photon,Luma Photon,Luma AI,t2i,0.019,$0.019/MP x 1MP,,fixed,"16:9, 9:16, 1:1, 4:3, 3:4, 21:9, 9:21",No,No,No,No,1,Photon/Photon Flash: cinematic-photographic look with strong reference/style conditioning.,Smaller ecosystem; text rendering weak.,"Film-look stills, style-locked series.","Typography, infographics."
fal-ai/luma-photon/flash,Luma Photon,Luma AI,t2i,0.005,$0.005/MP x 1MP,,fixed,"16:9, 9:16, 1:1, 4:3, 3:4, 21:9, 9:21",No,No,No,No,1,Photon/Photon Flash: cinematic-photographic look with strong reference/style conditioning.,Smaller ecosystem; text rendering weak.,"Film-look stills, style-locked series.","Typography, infographics."
fal-ai/luma-photon/flash/modify,Luma Photon,Luma AI,i2i,0.005,$0.005/MP x 1MP,,fixed,"1:1, 16:9, 9:16, 4:3, 3:4, 21:9, 9:21",Yes,No,No,No,1,Photon/Photon Flash: cinematic-photographic look with strong reference/style conditioning.,Smaller ecosystem; text rendering weak.,"Film-look stills, style-locked series.","Typography, infographics."
fal-ai/luma-photon/flash/reframe,Luma Photon,Luma AI,i2i,0.005,$0.005/MP x 1MP,,fixed,"1:1, 16:9, 9:16, 4:3, 3:4, 21:9, 9:21",Yes,No,No,No,1,Photon/Photon Flash: cinematic-photographic look with strong reference/style conditioning.,Smaller ecosystem; text rendering weak.,"Film-look stills, style-locked series.","Typography, infographics."
fal-ai/luma-photon/modify,Luma Photon,Luma AI,i2i,0.019,$0.019/MP x 1MP,,fixed,"1:1, 16:9, 9:16, 4:3, 3:4, 21:9, 9:21",Yes,No,No,No,1,Photon/Photon Flash: cinematic-photographic look with strong reference/style conditioning.,Smaller ecosystem; text rendering weak.,"Film-look stills, style-locked series.","Typography, infographics."
fal-ai/luma-photon/reframe,Luma Photon,Luma AI,i2i,0.019,$0.019/MP x 1MP,,fixed,"1:1, 16:9, 9:16, 4:3, 3:4, 21:9, 9:21",Yes,No,No,No,1,Photon/Photon Flash: cinematic-photographic look with strong reference/style conditioning.,Smaller ecosystem; text rendering weak.,"Film-look stills, style-locked series.","Typography, infographics."
luma/agent/uni-1/v1/edit,Luma Photon,Luma AI,i2i,0.042,$0.042 (parsed loosely),,fixed,fixed,Yes,No,No,Yes,1,Photon/Photon Flash: cinematic-photographic look with strong reference/style conditioning.,Smaller ecosystem; text rendering weak.,"Film-look stills, style-locked series.","Typography, infographics."
luma/agent/uni-1/v1/max,Luma Photon,Luma AI,t2i,0.102,$0.102. per image,,fixed,"3:1, 2:1, 16:9, 3:2, 1:1, 2:3, 9:16, 1:2, 1:3",No,No,No,Yes,1,Photon/Photon Flash: cinematic-photographic look with strong reference/style conditioning.,Smaller ecosystem; text rendering weak.,"Film-look stills, style-locked series.","Typography, infographics."
luma/agent/uni-1/v1/max/edit,Luma Photon,Luma AI,i2i,0.102,$0.102 (parsed loosely),,fixed,fixed,Yes,No,No,Yes,1,Photon/Photon Flash: cinematic-photographic look with strong reference/style conditioning.,Smaller ecosystem; text rendering weak.,"Film-look stills, style-locked series.","Typography, infographics."
luma/agent/uni-1/v1/text-to-image,Luma Photon,Luma AI,t2i,0.042,$0.042. per image,,fixed,"3:1, 2:1, 16:9, 3:2, 1:1, 2:3, 9:16, 1:2, 1:3",No,No,No,Yes,1,Photon/Photon Flash: cinematic-photographic look with strong reference/style conditioning.,Smaller ecosystem; text rendering weak.,"Film-look stills, style-locked series.","Typography, infographics."
fal-ai/lumina-image/v2,Lumina,,t2i,0.075,$0.075/MP x 1MP,1.1,"square_hd, square, portrait_4_3, portrait_16_9, landscape_4_3, landscape_16_9",via image_size,No,No,No,No,4,Open DiT research model.,Research-grade.,Baselines.,Production.
microsoft/mai-image-2.5,Microsoft MAI,Microsoft,t2i,0.05,$0.05 per 1K image,,fixed,"auto, 1:1, 4:3, 3:4, 16:9, 9:16, 3:2, 2:3",No,No,No,No,4,Microsoft's first in-house image family; clean instruction following.,"Young — few reviews, unclear niche vs incumbents.",Azure-adjacent experimentation.,Production commitments.
microsoft/mai-image-2.5-pro,Microsoft MAI,Microsoft,t2i,0.17,$0.17 per image,,fixed,"auto, 1:1, 4:3, 3:4, 16:9, 9:16, 3:2, 2:3",No,No,No,No,4,Microsoft's first in-house image family; clean instruction following.,"Young — few reviews, unclear niche vs incumbents.",Azure-adjacent experimentation.,Production commitments.
microsoft/mai-image-2.5-pro/edit,Microsoft MAI,Microsoft,i2i,,token-based (varies with size/quality),,fixed,"auto, 1:1, 4:3, 3:4, 16:9, 9:16, 3:2, 2:3",Yes,No,No,No,4,Microsoft's first in-house image family; clean instruction following.,"Young — few reviews, unclear niche vs incumbents.",Azure-adjacent experimentation.,Production commitments.
microsoft/mai-image-2.5/edit,Microsoft MAI,Microsoft,i2i,0.05,$0.05 per 1K image,,fixed,"auto, 1:1, 4:3, 3:4, 16:9, 9:16, 3:2, 2:3",Yes,No,No,No,4,Microsoft's first in-house image family; clean instruction following.,"Young — few reviews, unclear niche vs incumbents.",Azure-adjacent experimentation.,Production commitments.
fal-ai/minimax/image-01,MiniMax Image,Minimax,t2i,,,,fixed,"1:1, 16:9, 4:3, 3:2, 2:3, 3:4, 9:16, 21:9",No,No,No,No,9,MiniMax's image side of the Hailuo stack.,Video is their focus.,Hailuo-ecosystem stills.,Standalone image work.
fal-ai/minimax/image-01/subject-reference,MiniMax Image,Minimax,i2i,0.01,$0.01 per image,,fixed,"1:1, 16:9, 4:3, 3:2, 2:3, 3:4, 9:16, 21:9",Yes,No,No,No,9,MiniMax's image side of the Hailuo stack.,Video is their focus.,Hailuo-ecosystem stills.,Standalone image work.
nvidia/cosmos-3-super/text-to-image,NVIDIA Cosmos Image,NVIDIA,t2i,0.04,$0.04 per 1K image,1.1,"square_hd, square, portrait_4_3, portrait_16_9, landscape_4_3, landscape_16_9",via image_size,No,No,No,No,4,Physics-aware frames from the Cosmos world model.,Not aesthetic.,Robotics/AV data.,Creative work.
fal-ai/nano-banana,Nano Banana,Google,t2i,0.039,$0.039 per image,,fixed,"21:9, 16:9, 3:2, 4:3, 5:4, 1:1, 4:5, 3:4, 2:3, 9:16",No,No,No,No,4,Gemini-native editing with world knowledge at a very low price; fast.,1K fixed output; complex compositions simplify.,"Quick edits, meme-speed iteration, knowledge-aware tweaks.","4K masters, print."
fal-ai/nano-banana-2,Nano Banana,Google,t2i,0.08,$0.08 per image,16.8,"0.5K, 1K, 2K, 4K","auto, 21:9, 16:9, 3:2, 4:3, 5:4, 1:1, 4:5, 3:4, 2:3, 9:16, 4:1, 1:4, 8:1, 1:8",No,No,No,No,4,Gemini-native editing with world knowledge at a very low price; fast.,1K fixed output; complex compositions simplify.,"Quick edits, meme-speed iteration, knowledge-aware tweaks.","4K masters, print."
fal-ai/nano-banana-2/edit,Nano Banana,Google,i2i,0.08,$0.08 per image,16.8,"0.5K, 1K, 2K, 4K","auto, 21:9, 16:9, 3:2, 4:3, 5:4, 1:1, 4:5, 3:4, 2:3, 9:16, 4:1, 1:4, 8:1, 1:8",Yes,No,No,No,4,Gemini-native editing with world knowledge at a very low price; fast.,1K fixed output; complex compositions simplify.,"Quick edits, meme-speed iteration, knowledge-aware tweaks.","4K masters, print."
fal-ai/nano-banana/edit,Nano Banana,Google,i2i,0.039,$0.039 per image,,fixed,"auto, 21:9, 16:9, 3:2, 4:3, 5:4, 1:1, 4:5, 3:4, 2:3, 9:16",Yes,No,No,No,4,Gemini-native editing with world knowledge at a very low price; fast.,1K fixed output; complex compositions simplify.,"Quick edits, meme-speed iteration, knowledge-aware tweaks.","4K masters, print."
google/nano-banana-2-lite,Nano Banana,Google,t2i,,token-based (varies with size/quality),,fixed,"auto, 21:9, 16:9, 3:2, 4:3, 5:4, 1:1, 4:5, 3:4, 2:3, 9:16, 4:1, 1:4, 8:1, 1:8",No,No,No,No,4,Gemini-native editing with world knowledge at a very low price; fast.,1K fixed output; complex compositions simplify.,"Quick edits, meme-speed iteration, knowledge-aware tweaks.","4K masters, print."
google/nano-banana-lite,Nano Banana,Google,t2i,,token-based (varies with size/quality),,fixed,"auto, 21:9, 16:9, 3:2, 4:3, 5:4, 1:1, 4:5, 3:4, 2:3, 9:16, 4:1, 1:4, 8:1, 1:8",No,No,No,No,4,Gemini-native editing with world knowledge at a very low price; fast.,1K fixed output; complex compositions simplify.,"Quick edits, meme-speed iteration, knowledge-aware tweaks.","4K masters, print."
google/nano-banana-lite/edit,Nano Banana,Google,i2i,,token-based (varies with size/quality),,fixed,"auto, 21:9, 16:9, 3:2, 4:3, 5:4, 1:1, 4:5, 3:4, 2:3, 9:16, 4:1, 1:4, 8:1, 1:8",Yes,No,No,No,4,Gemini-native editing with world knowledge at a very low price; fast.,1K fixed output; complex compositions simplify.,"Quick edits, meme-speed iteration, knowledge-aware tweaks.","4K masters, print."
fal-ai/nano-banana-pro,Nano Banana Pro,Google,t2i,0.15,$0.15 per image,16.8,"1K, 2K, 4K","auto, 21:9, 16:9, 3:2, 4:3, 5:4, 1:1, 4:5, 3:4, 2:3, 9:16",No,No,No,No,4,"Gemini 3 Pro image tier: walls of accurate text, up to 14 reference images, 5-person consistency, real-world grounding via search.",Priciest Google tier; Google content filters.,"Fact-accurate infographics, multi-reference brand/character work, text-heavy creative.",Budget bulk generation.
fal-ai/nano-banana-pro/edit,Nano Banana Pro,Google,i2i,0.15,$0.15 per image,16.8,"1K, 2K, 4K","auto, 21:9, 16:9, 3:2, 4:3, 5:4, 1:1, 4:5, 3:4, 2:3, 9:16",Yes,No,No,No,4,"Gemini 3 Pro image tier: walls of accurate text, up to 14 reference images, 5-person consistency, real-world grounding via search.",Priciest Google tier; Google content filters.,"Fact-accurate infographics, multi-reference brand/character work, text-heavy creative.",Budget bulk generation.
fal-ai/finegrain-eraser,Object removal,Finegrain,i2i,0.27,$0.27 Standard tier,,fixed,fixed,Yes,No,No,No,1,Inpainting-based erasers (Finegrain) tuned for clean removals.,Complex occlusion still fails sometimes.,"Photo cleanup, retail image sanitization.",Creative generation.
fal-ai/finegrain-eraser/bbox,Object removal,Finegrain,i2i,0.18,$0.18 Standard tier,,fixed,fixed,Yes,No,No,No,1,Inpainting-based erasers (Finegrain) tuned for clean removals.,Complex occlusion still fails sometimes.,"Photo cleanup, retail image sanitization.",Creative generation.
fal-ai/finegrain-eraser/mask,Object removal,Finegrain,i2i,0.13,$0.13 Standard tier,,fixed,fixed,Yes,Yes,No,No,1,Inpainting-based erasers (Finegrain) tuned for clean removals.,Complex occlusion still fails sometimes.,"Photo cleanup, retail image sanitization.",Creative generation.
fal-ai/object-removal,Object removal,,i2i,0.012,$0.012 Medium quality,,fixed,fixed,Yes,No,No,No,1,Inpainting-based erasers (Finegrain) tuned for clean removals.,Complex occlusion still fails sometimes.,"Photo cleanup, retail image sanitization.",Creative generation.
fal-ai/object-removal/bbox,Object removal,,i2i,0.012,$0.012 Medium quality,,fixed,fixed,Yes,No,No,No,1,Inpainting-based erasers (Finegrain) tuned for clean removals.,Complex occlusion still fails sometimes.,"Photo cleanup, retail image sanitization.",Creative generation.
fal-ai/object-removal/mask,Object removal,,i2i,0.012,$0.012 Medium quality,,fixed,fixed,Yes,Yes,No,No,1,Inpainting-based erasers (Finegrain) tuned for clean removals.,Complex occlusion still fails sometimes.,"Photo cleanup, retail image sanitization.",Creative generation.
fal-ai/omnigen-v1,OmniGen,,t2i,0.1,$0.1 (parsed loosely),1.1,"square_hd, square, portrait_4_3, portrait_16_9, landscape_4_3, landscape_16_9",via image_size,No,No,No,No,4,Unified any-task image model (generate+edit+compose) in one checkpoint.,Master of none vs specialists.,Research on unified interfaces.,Peak-quality tasks.
fal-ai/omnigen-v2,OmniGen,,t2i,0.15,$0.15/MP x 1MP,1.1,"square_hd, square, portrait_4_3, portrait_16_9, landscape_4_3, landscape_16_9",via image_size,No,No,No,No,4,Unified any-task image model (generate+edit+compose) in one checkpoint.,Master of none vs specialists.,Research on unified interfaces.,Peak-quality tasks.
fal-ai/aura-flow,Open T2I minis,,t2i,,billed per GPU compute-second,,fixed,fixed,No,No,No,No,2,"Research-notable open models (PixArt, Lumina, OmniGen, CogView4...).",Each superseded by newer opens.,"Research baselines, curiosity.",Production.
fal-ai/bitdance,Open T2I minis,,t2i,0.01,$0.01 per image,1.1,"square_hd, square, portrait_4_3, portrait_16_9, landscape_4_3, landscape_16_9",via image_size,No,No,No,No,4,"Research-notable open models (PixArt, Lumina, OmniGen, CogView4...).",Each superseded by newer opens.,"Research baselines, curiosity.",Production.
fal-ai/cogview4,Open T2I minis,,t2i,0.1,$0.1/MP x 1MP,1.1,"square_hd, square, portrait_4_3, portrait_16_9, landscape_4_3, landscape_16_9",via image_size,No,No,No,No,4,"Research-notable open models (PixArt, Lumina, OmniGen, CogView4...).",Each superseded by newer opens.,"Research baselines, curiosity.",Production.
fal-ai/pixart-sigma,Open T2I minis,,t2i,,billed per GPU compute-second,1.1,"square_hd, square, portrait_4_3, portrait_16_9, landscape_4_3, landscape_16_9",via image_size,No,No,No,Yes,8,"Research-notable open models (PixArt, Lumina, OmniGen, CogView4...).",Each superseded by newer opens.,"Research baselines, curiosity.",Production.
fal-ai/patina,Patina,Fal,i2i,0.01,$0.01/MP x 1MP,,fixed,fixed,Yes,No,No,No,1,Style-preserving photo editing.,Narrow.,Photo restyles keeping subject fidelity.,Generation.
fal-ai/patina/material,Patina,Fal,t2i,0.02,$0.02/MP x 1MP,1.1,"square_hd, square, portrait_4_3, portrait_16_9, landscape_4_3, landscape_16_9",via image_size,Yes,Yes,No,No,4,Style-preserving photo editing.,Narrow.,Photo restyles keeping subject fidelity.,Generation.
fal-ai/patina/material/extract,Patina,Fal,i2i,0.02,$0.02/MP x 1MP,1.1,"square_hd, square, portrait_4_3, portrait_16_9, landscape_4_3, landscape_16_9",via image_size,Yes,No,No,No,4,Style-preserving photo editing.,Narrow.,Photo restyles keeping subject fidelity.,Generation.
fal-ai/phota,Phota,,t2i,0.09,$0.09 per 1K image,16.8,"1K, 4K","auto, 1:1, 16:9, 4:3, 3:4, 9:16",No,No,No,No,4,Consumer photo enhancement suite.,Utility-grade.,Selfie/photo cleanup features.,Creative work.
fal-ai/phota/edit,Phota,Phota,i2i,0.09,$0.09 per 1K image,16.8,"1K, 4K","auto, 1:1, 16:9, 4:3, 3:4, 9:16",Yes,No,No,No,4,Consumer photo enhancement suite.,Utility-grade.,Selfie/photo cleanup features.,Creative work.
fal-ai/phota/enhance,Phota,Phota,i2i,0.13,$0.13 per image,,fixed,fixed,Yes,No,No,No,4,Consumer photo enhancement suite.,Utility-grade.,Selfie/photo cleanup features.,Creative work.
fal-ai/playground-v25,Playground,,t2i,,billed per GPU compute-second,1.1,"square_hd, square, portrait_4_3, portrait_16_9, landscape_4_3, landscape_16_9",via image_size,No,No,Yes,No,8,Aesthetic-tuned generation (v2.5) that once led human-preference boards.,Frozen in 2024; no editing.,Stylized social graphics.,Current-gen briefs.
fal-ai/playground-v25/image-to-image,Playground,,i2i,,billed per GPU compute-second,1.1,"square_hd, square, portrait_4_3, portrait_16_9, landscape_4_3, landscape_16_9",via image_size,Yes,No,Yes,No,8,Aesthetic-tuned generation (v2.5) that once led human-preference boards.,Frozen in 2024; no editing.,Stylized social graphics.,Current-gen briefs.
fal-ai/playground-v25/inpainting,Playground,,i2i,,billed per GPU compute-second,1.1,"square_hd, square, portrait_4_3, portrait_16_9, landscape_4_3, landscape_16_9",via image_size,Yes,Yes,Yes,No,8,Aesthetic-tuned generation (v2.5) that once led human-preference boards.,Frozen in 2024; no editing.,Stylized social graphics.,Current-gen briefs.
fal-ai/post-processing,Post-processing,,i2i,0.001,$0.001 (parsed loosely),,fixed,fixed,Yes,No,No,No,1,"Deterministic finishing utilities (grain, sharpen, color ops).",Not generative; narrow.,Pipeline finishing passes.,Content creation.
fal-ai/post-processing/blur,Post-processing,,i2i,0.001,$0.001 per image,,fixed,fixed,Yes,No,No,No,1,"Deterministic finishing utilities (grain, sharpen, color ops).",Not generative; narrow.,Pipeline finishing passes.,Content creation.
fal-ai/post-processing/chromatic-aberration,Post-processing,,i2i,0.001,$0.001 per image,,fixed,fixed,Yes,No,No,No,1,"Deterministic finishing utilities (grain, sharpen, color ops).",Not generative; narrow.,Pipeline finishing passes.,Content creation.
fal-ai/post-processing/color-correction,Post-processing,,i2i,0.001,$0.001 per image,,fixed,fixed,Yes,No,No,No,1,"Deterministic finishing utilities (grain, sharpen, color ops).",Not generative; narrow.,Pipeline finishing passes.,Content creation.
fal-ai/post-processing/color-tint,Post-processing,,i2i,0.001,$0.001 per image,,fixed,fixed,Yes,No,No,No,1,"Deterministic finishing utilities (grain, sharpen, color ops).",Not generative; narrow.,Pipeline finishing passes.,Content creation.
fal-ai/post-processing/desaturate,Post-processing,,i2i,0.001,$0.001 per image,,fixed,fixed,Yes,No,No,No,1,"Deterministic finishing utilities (grain, sharpen, color ops).",Not generative; narrow.,Pipeline finishing passes.,Content creation.
fal-ai/post-processing/dissolve,Post-processing,,i2i,0.001,$0.001 per image,,fixed,fixed,Yes,No,No,No,1,"Deterministic finishing utilities (grain, sharpen, color ops).",Not generative; narrow.,Pipeline finishing passes.,Content creation.
fal-ai/post-processing/dodge-burn,Post-processing,,i2i,0.001,$0.001 per image,,fixed,fixed,Yes,No,No,No,1,"Deterministic finishing utilities (grain, sharpen, color ops).",Not generative; narrow.,Pipeline finishing passes.,Content creation.
fal-ai/post-processing/grain,Post-processing,,i2i,0.001,$0.001 per image,,fixed,fixed,Yes,No,No,No,1,"Deterministic finishing utilities (grain, sharpen, color ops).",Not generative; narrow.,Pipeline finishing passes.,Content creation.
fal-ai/post-processing/parabolize,Post-processing,,i2i,0.001,$0.001 per image,,fixed,fixed,Yes,No,No,No,1,"Deterministic finishing utilities (grain, sharpen, color ops).",Not generative; narrow.,Pipeline finishing passes.,Content creation.
fal-ai/post-processing/sharpen,Post-processing,,i2i,0.001,$0.001 per image,,fixed,fixed,Yes,No,No,No,1,"Deterministic finishing utilities (grain, sharpen, color ops).",Not generative; narrow.,Pipeline finishing passes.,Content creation.
fal-ai/post-processing/solarize,Post-processing,,i2i,0.001,$0.001 per image,,fixed,fixed,Yes,No,No,No,1,"Deterministic finishing utilities (grain, sharpen, color ops).",Not generative; narrow.,Pipeline finishing passes.,Content creation.
fal-ai/post-processing/vignette,Post-processing,,i2i,0.001,$0.001 per image,,fixed,fixed,Yes,No,No,No,1,"Deterministic finishing utilities (grain, sharpen, color ops).",Not generative; narrow.,Pipeline finishing passes.,Content creation.
fal-ai/dwpose,Preprocessors,,i2i,,billed per GPU compute-second,,fixed,fixed,Yes,No,No,No,1,"ControlNet auxiliaries (depth, pose, edges) as endpoints.",Utility only.,Feeding control maps into generation pipelines.,Standalone use.
fal-ai/image-preprocessors/depth-anything/v2,Preprocessors,,i2i,,billed per GPU compute-second,,fixed,fixed,Yes,No,No,No,1,"ControlNet auxiliaries (depth, pose, edges) as endpoints.",Utility only.,Feeding control maps into generation pipelines.,Standalone use.
fal-ai/image-preprocessors/hed,Preprocessors,,i2i,,billed per GPU compute-second,,fixed,fixed,Yes,No,No,No,1,"ControlNet auxiliaries (depth, pose, edges) as endpoints.",Utility only.,Feeding control maps into generation pipelines.,Standalone use.
fal-ai/image-preprocessors/lineart,Preprocessors,,i2i,,billed per GPU compute-second,,fixed,fixed,Yes,No,No,No,1,"ControlNet auxiliaries (depth, pose, edges) as endpoints.",Utility only.,Feeding control maps into generation pipelines.,Standalone use.
fal-ai/image-preprocessors/midas,Preprocessors,,i2i,,billed per GPU compute-second,,fixed,fixed,Yes,No,No,No,1,"ControlNet auxiliaries (depth, pose, edges) as endpoints.",Utility only.,Feeding control maps into generation pipelines.,Standalone use.
fal-ai/image-preprocessors/mlsd,Preprocessors,,i2i,,billed per GPU compute-second,,fixed,fixed,Yes,No,No,No,1,"ControlNet auxiliaries (depth, pose, edges) as endpoints.",Utility only.,Feeding control maps into generation pipelines.,Standalone use.
fal-ai/image-preprocessors/pidi,Preprocessors,,i2i,,billed per GPU compute-second,,fixed,fixed,Yes,No,No,No,1,"ControlNet auxiliaries (depth, pose, edges) as endpoints.",Utility only.,Feeding control maps into generation pipelines.,Standalone use.
fal-ai/image-preprocessors/sam,Preprocessors,,i2i,,billed per GPU compute-second,,fixed,fixed,Yes,No,No,No,1,"ControlNet auxiliaries (depth, pose, edges) as endpoints.",Utility only.,Feeding control maps into generation pipelines.,Standalone use.
fal-ai/image-preprocessors/scribble,Preprocessors,,i2i,,billed per GPU compute-second,,fixed,fixed,Yes,No,No,No,1,"ControlNet auxiliaries (depth, pose, edges) as endpoints.",Utility only.,Feeding control maps into generation pipelines.,Standalone use.
fal-ai/image-preprocessors/teed,Preprocessors,,i2i,,billed per GPU compute-second,,fixed,fixed,Yes,No,No,No,1,"ControlNet auxiliaries (depth, pose, edges) as endpoints.",Utility only.,Feeding control maps into generation pipelines.,Standalone use.
fal-ai/image-preprocessors/zoe,Preprocessors,,i2i,,billed per GPU compute-second,,fixed,fixed,Yes,No,No,No,1,"ControlNet auxiliaries (depth, pose, edges) as endpoints.",Utility only.,Feeding control maps into generation pipelines.,Standalone use.
alibaba/qwen-image-3/edit,Qwen Image,Alibaba,i2i,0.04,$0.04 per 1K image,1.1,"square_hd, square, portrait_4_3, portrait_16_9, landscape_4_3, landscape_16_9",via image_size,Yes,No,No,No,6,Alibaba's 20B generator with excellent bilingual (CJK+Latin) text rendering.,Aesthetics trail FLUX.2/Seedream on western-style photography.,"Chinese-market creative, bilingual signage and packaging.",Painterly art direction.
alibaba/qwen-image-3/text-to-image,Qwen Image,Alibaba,t2i,0.04,$0.04 per 1K image,1.1,"square_hd, square, portrait_4_3, portrait_16_9, landscape_4_3, landscape_16_9",via image_size,No,No,No,No,6,Alibaba's 20B generator with excellent bilingual (CJK+Latin) text rendering.,Aesthetics trail FLUX.2/Seedream on western-style photography.,"Chinese-market creative, bilingual signage and packaging.",Painterly art direction.
fal-ai/qwen-image,Qwen Image,Alibaba,t2i,0.02,$0.02/MP x 1MP,1.1,"square_hd, square, portrait_4_3, portrait_16_9, landscape_4_3, landscape_16_9",via image_size,No,No,Yes,No,4,Alibaba's 20B generator with excellent bilingual (CJK+Latin) text rendering.,Aesthetics trail FLUX.2/Seedream on western-style photography.,"Chinese-market creative, bilingual signage and packaging.",Painterly art direction.
fal-ai/qwen-image-2512,Qwen Image,Alibaba,t2i,,,1.1,"square_hd, square, portrait_4_3, portrait_16_9, landscape_4_3, landscape_16_9",via image_size,No,No,No,No,4,Alibaba's 20B generator with excellent bilingual (CJK+Latin) text rendering.,Aesthetics trail FLUX.2/Seedream on western-style photography.,"Chinese-market creative, bilingual signage and packaging.",Painterly art direction.
fal-ai/qwen-image-2512/lora,Qwen Image,Alibaba,t2i,0.035,$0.035/MP x 1MP,1.1,"square_hd, square, portrait_4_3, portrait_16_9, landscape_4_3, landscape_16_9",via image_size,No,No,Yes,No,4,Alibaba's 20B generator with excellent bilingual (CJK+Latin) text rendering.,Aesthetics trail FLUX.2/Seedream on western-style photography.,"Chinese-market creative, bilingual signage and packaging.",Painterly art direction.
fal-ai/qwen-image-layered,Qwen Image,Alibaba,i2i,0.05,$0.05 per image,,fixed,fixed,Yes,No,No,No,1,Alibaba's 20B generator with excellent bilingual (CJK+Latin) text rendering.,Aesthetics trail FLUX.2/Seedream on western-style photography.,"Chinese-market creative, bilingual signage and packaging.",Painterly art direction.
fal-ai/qwen-image-layered/lora,Qwen Image,Alibaba,i2i,0.06,$0.06 per image,,fixed,fixed,Yes,No,Yes,No,1,Alibaba's 20B generator with excellent bilingual (CJK+Latin) text rendering.,Aesthetics trail FLUX.2/Seedream on western-style photography.,"Chinese-market creative, bilingual signage and packaging.",Painterly art direction.
fal-ai/qwen-image-max/edit,Qwen Image,Alibaba,i2i,0.075,$0.075 per image,1.1,"square_hd, square, portrait_4_3, portrait_16_9, landscape_4_3, landscape_16_9",via image_size,Yes,No,No,No,6,Alibaba's 20B generator with excellent bilingual (CJK+Latin) text rendering.,Aesthetics trail FLUX.2/Seedream on western-style photography.,"Chinese-market creative, bilingual signage and packaging.",Painterly art direction.
fal-ai/qwen-image-max/text-to-image,Qwen Image,Alibaba,t2i,0.075,$0.075 per image,1.1,"square_hd, square, portrait_4_3, portrait_16_9, landscape_4_3, landscape_16_9",via image_size,No,No,No,No,4,Alibaba's 20B generator with excellent bilingual (CJK+Latin) text rendering.,Aesthetics trail FLUX.2/Seedream on western-style photography.,"Chinese-market creative, bilingual signage and packaging.",Painterly art direction.
fal-ai/qwen-image/image-to-image,Qwen Image,Alibaba,i2i,0.02,$0.02/MP x 1MP,1.1,"square_hd, square, portrait_4_3, portrait_16_9, landscape_4_3, landscape_16_9",via image_size,Yes,No,Yes,No,4,Alibaba's 20B generator with excellent bilingual (CJK+Latin) text rendering.,Aesthetics trail FLUX.2/Seedream on western-style photography.,"Chinese-market creative, bilingual signage and packaging.",Painterly art direction.
fal-ai/qwen-image-edit,Qwen Image Edit,Alibaba,i2i,0.03,$0.03/MP x 1MP,1.1,"square_hd, square, portrait_4_3, portrait_16_9, landscape_4_3, landscape_16_9",via image_size,Yes,No,No,No,4,"The strongest open-weights instruction editor (20B): in-image text rewriting, multi-image edits, ControlNet built in.",Heavy model — slower and pricier than small editors; occasional over-editing.,"Text correction inside images, e-commerce photo cleanup, batch instruction edits, LoRA-styled edits.",From-scratch generation (use Qwen Image or a t2i model).
fal-ai/qwen-image-edit-2509,Qwen Image Edit,Alibaba,i2i,0.03,$0.03/MP x 1MP,1.1,"square_hd, square, portrait_4_3, portrait_16_9, landscape_4_3, landscape_16_9",via image_size,Yes,No,No,No,4,"The strongest open-weights instruction editor (20B): in-image text rewriting, multi-image edits, ControlNet built in.",Heavy model — slower and pricier than small editors; occasional over-editing.,"Text correction inside images, e-commerce photo cleanup, batch instruction edits, LoRA-styled edits.",From-scratch generation (use Qwen Image or a t2i model).
fal-ai/qwen-image-edit-2509-lora,Qwen Image Edit,Alibaba,i2i,0.035,$0.035/MP x 1MP,1.1,"square_hd, square, portrait_4_3, portrait_16_9, landscape_4_3, landscape_16_9",via image_size,Yes,No,Yes,No,4,"The strongest open-weights instruction editor (20B): in-image text rewriting, multi-image edits, ControlNet built in.",Heavy model — slower and pricier than small editors; occasional over-editing.,"Text correction inside images, e-commerce photo cleanup, batch instruction edits, LoRA-styled edits.",From-scratch generation (use Qwen Image or a t2i model).
fal-ai/qwen-image-edit-2509-lora-gallery/add-background,Qwen Image Edit,Alibaba,i2i,0.035,$0.035/MP x 1MP,1.1,"square_hd, square, portrait_4_3, portrait_16_9, landscape_4_3, landscape_16_9",via image_size,Yes,No,No,No,4,"The strongest open-weights instruction editor (20B): in-image text rewriting, multi-image edits, ControlNet built in.",Heavy model — slower and pricier than small editors; occasional over-editing.,"Text correction inside images, e-commerce photo cleanup, batch instruction edits, LoRA-styled edits.",From-scratch generation (use Qwen Image or a t2i model).
fal-ai/qwen-image-edit-2509-lora-gallery/face-to-full-portrait,Qwen Image Edit,Alibaba,i2i,0.035,$0.035/MP x 1MP,1.1,"square_hd, square, portrait_4_3, portrait_16_9, landscape_4_3, landscape_16_9",via image_size,Yes,No,No,No,4,"The strongest open-weights instruction editor (20B): in-image text rewriting, multi-image edits, ControlNet built in.",Heavy model — slower and pricier than small editors; occasional over-editing.,"Text correction inside images, e-commerce photo cleanup, batch instruction edits, LoRA-styled edits.",From-scratch generation (use Qwen Image or a t2i model).
fal-ai/qwen-image-edit-2509-lora-gallery/group-photo,Qwen Image Edit,Alibaba,i2i,0.035,$0.035/MP x 1MP,1.1,"square_hd, square, portrait_4_3, portrait_16_9, landscape_4_3, landscape_16_9",via image_size,Yes,No,No,No,4,"The strongest open-weights instruction editor (20B): in-image text rewriting, multi-image edits, ControlNet built in.",Heavy model — slower and pricier than small editors; occasional over-editing.,"Text correction inside images, e-commerce photo cleanup, batch instruction edits, LoRA-styled edits.",From-scratch generation (use Qwen Image or a t2i model).
fal-ai/qwen-image-edit-2509-lora-gallery/integrate-product,Qwen Image Edit,Alibaba,i2i,0.035,$0.035/MP x 1MP,1.1,"square_hd, square, portrait_4_3, portrait_16_9, landscape_4_3, landscape_16_9",via image_size,Yes,No,No,No,4,"The strongest open-weights instruction editor (20B): in-image text rewriting, multi-image edits, ControlNet built in.",Heavy model — slower and pricier than small editors; occasional over-editing.,"Text correction inside images, e-commerce photo cleanup, batch instruction edits, LoRA-styled edits.",From-scratch generation (use Qwen Image or a t2i model).
fal-ai/qwen-image-edit-2509-lora-gallery/lighting-restoration,Qwen Image Edit,Alibaba,i2i,0.035,$0.035/MP x 1MP,1.1,"square_hd, square, portrait_4_3, portrait_16_9, landscape_4_3, landscape_16_9",via image_size,Yes,No,No,No,4,"The strongest open-weights instruction editor (20B): in-image text rewriting, multi-image edits, ControlNet built in.",Heavy model — slower and pricier than small editors; occasional over-editing.,"Text correction inside images, e-commerce photo cleanup, batch instruction edits, LoRA-styled edits.",From-scratch generation (use Qwen Image or a t2i model).
fal-ai/qwen-image-edit-2509-lora-gallery/multiple-angles,Qwen Image Edit,Alibaba,i2i,0.035,$0.035/MP x 1MP,1.1,"square_hd, square, portrait_4_3, portrait_16_9, landscape_4_3, landscape_16_9",via image_size,Yes,No,No,No,4,"The strongest open-weights instruction editor (20B): in-image text rewriting, multi-image edits, ControlNet built in.",Heavy model — slower and pricier than small editors; occasional over-editing.,"Text correction inside images, e-commerce photo cleanup, batch instruction edits, LoRA-styled edits.",From-scratch generation (use Qwen Image or a t2i model).
fal-ai/qwen-image-edit-2509-lora-gallery/next-scene,Qwen Image Edit,Alibaba,i2i,0.035,$0.035/MP x 1MP,1.1,"square_hd, square, portrait_4_3, portrait_16_9, landscape_4_3, landscape_16_9",via image_size,Yes,No,No,No,4,"The strongest open-weights instruction editor (20B): in-image text rewriting, multi-image edits, ControlNet built in.",Heavy model — slower and pricier than small editors; occasional over-editing.,"Text correction inside images, e-commerce photo cleanup, batch instruction edits, LoRA-styled edits.",From-scratch generation (use Qwen Image or a t2i model).
fal-ai/qwen-image-edit-2509-lora-gallery/remove-element,Qwen Image Edit,Alibaba,i2i,0.035,$0.035/MP x 1MP,1.1,"square_hd, square, portrait_4_3, portrait_16_9, landscape_4_3, landscape_16_9",via image_size,Yes,No,No,No,4,"The strongest open-weights instruction editor (20B): in-image text rewriting, multi-image edits, ControlNet built in.",Heavy model — slower and pricier than small editors; occasional over-editing.,"Text correction inside images, e-commerce photo cleanup, batch instruction edits, LoRA-styled edits.",From-scratch generation (use Qwen Image or a t2i model).
fal-ai/qwen-image-edit-2509-lora-gallery/remove-lighting,Qwen Image Edit,Alibaba,i2i,0.035,$0.035/MP x 1MP,1.1,"square_hd, square, portrait_4_3, portrait_16_9, landscape_4_3, landscape_16_9",via image_size,Yes,No,No,No,4,"The strongest open-weights instruction editor (20B): in-image text rewriting, multi-image edits, ControlNet built in.",Heavy model — slower and pricier than small editors; occasional over-editing.,"Text correction inside images, e-commerce photo cleanup, batch instruction edits, LoRA-styled edits.",From-scratch generation (use Qwen Image or a t2i model).
fal-ai/qwen-image-edit-2509-lora-gallery/shirt-design,Qwen Image Edit,Alibaba,i2i,0.035,$0.035/MP x 1MP,1.1,"square_hd, square, portrait_4_3, portrait_16_9, landscape_4_3, landscape_16_9",via image_size,Yes,No,No,No,4,"The strongest open-weights instruction editor (20B): in-image text rewriting, multi-image edits, ControlNet built in.",Heavy model — slower and pricier than small editors; occasional over-editing.,"Text correction inside images, e-commerce photo cleanup, batch instruction edits, LoRA-styled edits.",From-scratch generation (use Qwen Image or a t2i model).
fal-ai/qwen-image-edit-2511,Qwen Image Edit,Alibaba,i2i,0.03,$0.03/MP x 1MP,1.1,"square_hd, square, portrait_4_3, portrait_16_9, landscape_4_3, landscape_16_9",via image_size,Yes,No,No,No,4,"The strongest open-weights instruction editor (20B): in-image text rewriting, multi-image edits, ControlNet built in.",Heavy model — slower and pricier than small editors; occasional over-editing.,"Text correction inside images, e-commerce photo cleanup, batch instruction edits, LoRA-styled edits.",From-scratch generation (use Qwen Image or a t2i model).
fal-ai/qwen-image-edit-2511-multiple-angles,Qwen Image Edit,Alibaba,i2i,0.035,$0.035/MP x 1MP,1.1,"square_hd, square, portrait_4_3, portrait_16_9, landscape_4_3, landscape_16_9",via image_size,Yes,No,No,No,4,"The strongest open-weights instruction editor (20B): in-image text rewriting, multi-image edits, ControlNet built in.",Heavy model — slower and pricier than small editors; occasional over-editing.,"Text correction inside images, e-commerce photo cleanup, batch instruction edits, LoRA-styled edits.",From-scratch generation (use Qwen Image or a t2i model).
fal-ai/qwen-image-edit-2511/lora,Qwen Image Edit,Alibaba,i2i,0.035,$0.035/MP x 1MP,1.1,"square_hd, square, portrait_4_3, portrait_16_9, landscape_4_3, landscape_16_9",via image_size,Yes,No,Yes,No,4,"The strongest open-weights instruction editor (20B): in-image text rewriting, multi-image edits, ControlNet built in.",Heavy model — slower and pricier than small editors; occasional over-editing.,"Text correction inside images, e-commerce photo cleanup, batch instruction edits, LoRA-styled edits.",From-scratch generation (use Qwen Image or a t2i model).
fal-ai/qwen-image-edit-lora,Qwen Image Edit,Alibaba,i2i,0.035,$0.035/MP x 1MP,1.1,"square_hd, square, portrait_4_3, portrait_16_9, landscape_4_3, landscape_16_9",via image_size,Yes,No,Yes,No,4,"The strongest open-weights instruction editor (20B): in-image text rewriting, multi-image edits, ControlNet built in.",Heavy model — slower and pricier than small editors; occasional over-editing.,"Text correction inside images, e-commerce photo cleanup, batch instruction edits, LoRA-styled edits.",From-scratch generation (use Qwen Image or a t2i model).
fal-ai/qwen-image-edit-plus,Qwen Image Edit,Alibaba,i2i,0.03,$0.03/MP x 1MP,1.1,"square_hd, square, portrait_4_3, portrait_16_9, landscape_4_3, landscape_16_9",via image_size,Yes,No,No,No,4,"The strongest open-weights instruction editor (20B): in-image text rewriting, multi-image edits, ControlNet built in.",Heavy model — slower and pricier than small editors; occasional over-editing.,"Text correction inside images, e-commerce photo cleanup, batch instruction edits, LoRA-styled edits.",From-scratch generation (use Qwen Image or a t2i model).
fal-ai/qwen-image-edit-plus-lora,Qwen Image Edit,Alibaba,i2i,0.035,$0.035/MP x 1MP,1.1,"square_hd, square, portrait_4_3, portrait_16_9, landscape_4_3, landscape_16_9",via image_size,Yes,No,Yes,No,4,"The strongest open-weights instruction editor (20B): in-image text rewriting, multi-image edits, ControlNet built in.",Heavy model — slower and pricier than small editors; occasional over-editing.,"Text correction inside images, e-commerce photo cleanup, batch instruction edits, LoRA-styled edits.",From-scratch generation (use Qwen Image or a t2i model).
fal-ai/qwen-image-edit-plus-lora-gallery/add-background,Qwen Image Edit,Alibaba,i2i,0.035,$0.035/MP x 1MP,1.1,"square_hd, square, portrait_4_3, portrait_16_9, landscape_4_3, landscape_16_9",via image_size,Yes,No,No,No,4,"The strongest open-weights instruction editor (20B): in-image text rewriting, multi-image edits, ControlNet built in.",Heavy model — slower and pricier than small editors; occasional over-editing.,"Text correction inside images, e-commerce photo cleanup, batch instruction edits, LoRA-styled edits.",From-scratch generation (use Qwen Image or a t2i model).
fal-ai/qwen-image-edit-plus-lora-gallery/face-to-full-portrait,Qwen Image Edit,Alibaba,i2i,0.035,$0.035/MP x 1MP,1.1,"square_hd, square, portrait_4_3, portrait_16_9, landscape_4_3, landscape_16_9",via image_size,Yes,No,No,No,4,"The strongest open-weights instruction editor (20B): in-image text rewriting, multi-image edits, ControlNet built in.",Heavy model — slower and pricier than small editors; occasional over-editing.,"Text correction inside images, e-commerce photo cleanup, batch instruction edits, LoRA-styled edits.",From-scratch generation (use Qwen Image or a t2i model).
fal-ai/qwen-image-edit-plus-lora-gallery/group-photo,Qwen Image Edit,Alibaba,i2i,0.035,$0.035/MP x 1MP,1.1,"square_hd, square, portrait_4_3, portrait_16_9, landscape_4_3, landscape_16_9",via image_size,Yes,No,No,No,4,"The strongest open-weights instruction editor (20B): in-image text rewriting, multi-image edits, ControlNet built in.",Heavy model — slower and pricier than small editors; occasional over-editing.,"Text correction inside images, e-commerce photo cleanup, batch instruction edits, LoRA-styled edits.",From-scratch generation (use Qwen Image or a t2i model).
fal-ai/qwen-image-edit-plus-lora-gallery/integrate-product,Qwen Image Edit,Alibaba,i2i,0.035,$0.035/MP x 1MP,1.1,"square_hd, square, portrait_4_3, portrait_16_9, landscape_4_3, landscape_16_9",via image_size,Yes,No,No,No,4,"The strongest open-weights instruction editor (20B): in-image text rewriting, multi-image edits, ControlNet built in.",Heavy model — slower and pricier than small editors; occasional over-editing.,"Text correction inside images, e-commerce photo cleanup, batch instruction edits, LoRA-styled edits.",From-scratch generation (use Qwen Image or a t2i model).
fal-ai/qwen-image-edit-plus-lora-gallery/lighting-restoration,Qwen Image Edit,Alibaba,i2i,0.035,$0.035/MP x 1MP,1.1,"square_hd, square, portrait_4_3, portrait_16_9, landscape_4_3, landscape_16_9",via image_size,Yes,No,No,No,4,"The strongest open-weights instruction editor (20B): in-image text rewriting, multi-image edits, ControlNet built in.",Heavy model — slower and pricier than small editors; occasional over-editing.,"Text correction inside images, e-commerce photo cleanup, batch instruction edits, LoRA-styled edits.",From-scratch generation (use Qwen Image or a t2i model).
fal-ai/qwen-image-edit-plus-lora-gallery/multiple-angles,Qwen Image Edit,Alibaba,i2i,0.035,$0.035/MP x 1MP,1.1,"square_hd, square, portrait_4_3, portrait_16_9, landscape_4_3, landscape_16_9",via image_size,Yes,No,No,No,4,"The strongest open-weights instruction editor (20B): in-image text rewriting, multi-image edits, ControlNet built in.",Heavy model — slower and pricier than small editors; occasional over-editing.,"Text correction inside images, e-commerce photo cleanup, batch instruction edits, LoRA-styled edits.",From-scratch generation (use Qwen Image or a t2i model).
fal-ai/qwen-image-edit-plus-lora-gallery/next-scene,Qwen Image Edit,Alibaba,i2i,0.035,$0.035/MP x 1MP,1.1,"square_hd, square, portrait_4_3, portrait_16_9, landscape_4_3, landscape_16_9",via image_size,Yes,No,No,No,4,"The strongest open-weights instruction editor (20B): in-image text rewriting, multi-image edits, ControlNet built in.",Heavy model — slower and pricier than small editors; occasional over-editing.,"Text correction inside images, e-commerce photo cleanup, batch instruction edits, LoRA-styled edits.",From-scratch generation (use Qwen Image or a t2i model).
fal-ai/qwen-image-edit-plus-lora-gallery/remove-element,Qwen Image Edit,Alibaba,i2i,0.035,$0.035/MP x 1MP,1.1,"square_hd, square, portrait_4_3, portrait_16_9, landscape_4_3, landscape_16_9",via image_size,Yes,No,No,No,4,"The strongest open-weights instruction editor (20B): in-image text rewriting, multi-image edits, ControlNet built in.",Heavy model — slower and pricier than small editors; occasional over-editing.,"Text correction inside images, e-commerce photo cleanup, batch instruction edits, LoRA-styled edits.",From-scratch generation (use Qwen Image or a t2i model).
fal-ai/qwen-image-edit-plus-lora-gallery/remove-lighting,Qwen Image Edit,Alibaba,i2i,0.035,$0.035/MP x 1MP,1.1,"square_hd, square, portrait_4_3, portrait_16_9, landscape_4_3, landscape_16_9",via image_size,Yes,No,No,No,4,"The strongest open-weights instruction editor (20B): in-image text rewriting, multi-image edits, ControlNet built in.",Heavy model — slower and pricier than small editors; occasional over-editing.,"Text correction inside images, e-commerce photo cleanup, batch instruction edits, LoRA-styled edits.",From-scratch generation (use Qwen Image or a t2i model).
fal-ai/qwen-image-edit-plus-lora-gallery/shirt-design,Qwen Image Edit,Alibaba,i2i,0.035,$0.035/MP x 1MP,1.1,"square_hd, square, portrait_4_3, portrait_16_9, landscape_4_3, landscape_16_9",via image_size,Yes,No,No,No,4,"The strongest open-weights instruction editor (20B): in-image text rewriting, multi-image edits, ControlNet built in.",Heavy model — slower and pricier than small editors; occasional over-editing.,"Text correction inside images, e-commerce photo cleanup, batch instruction edits, LoRA-styled edits.",From-scratch generation (use Qwen Image or a t2i model).
fal-ai/qwen-image-edit/image-to-image,Qwen Image Edit,Alibaba,i2i,0.03,$0.03/MP x 1MP,1.1,"square_hd, square, portrait_4_3, portrait_16_9, landscape_4_3, landscape_16_9",via image_size,Yes,No,No,No,4,"The strongest open-weights instruction editor (20B): in-image text rewriting, multi-image edits, ControlNet built in.",Heavy model — slower and pricier than small editors; occasional over-editing.,"Text correction inside images, e-commerce photo cleanup, batch instruction edits, LoRA-styled edits.",From-scratch generation (use Qwen Image or a t2i model).
fal-ai/qwen-image-edit/inpaint,Qwen Image Edit,Alibaba,i2i,0.03,$0.03/MP x 1MP,1.1,"square_hd, square, portrait_4_3, portrait_16_9, landscape_4_3, landscape_16_9",via image_size,Yes,Yes,No,No,4,"The strongest open-weights instruction editor (20B): in-image text rewriting, multi-image edits, ControlNet built in.",Heavy model — slower and pricier than small editors; occasional over-editing.,"Text correction inside images, e-commerce photo cleanup, batch instruction edits, LoRA-styled edits.",From-scratch generation (use Qwen Image or a t2i model).
fal-ai/recraft-20b,Recraft,Recraft,t2i,0.022,$0.022 per image,1.1,"square_hd, square, portrait_4_3, portrait_16_9, landscape_4_3, landscape_16_9",via image_size,No,No,No,Yes,1,"True vector (SVG/EPS) generation plus design-aware raster with brand-style locking — art-directed, print-ready output.",Photorealism is not the point; raster realism mid-tier.,"Logos, icons, brand systems, UI assets, print collateral.","Photoreal scenes, people."
fal-ai/recraft/upscale/creative,Recraft,Recraft,i2i,0.25,$0.25 per image,,fixed,fixed,Yes,No,No,No,1,"True vector (SVG/EPS) generation plus design-aware raster with brand-style locking — art-directed, print-ready output.",Photorealism is not the point; raster realism mid-tier.,"Logos, icons, brand systems, UI assets, print collateral.","Photoreal scenes, people."
fal-ai/recraft/upscale/crisp,Recraft,Recraft,i2i,0.004,$0.004 per image,,fixed,fixed,Yes,No,No,No,1,"True vector (SVG/EPS) generation plus design-aware raster with brand-style locking — art-directed, print-ready output.",Photorealism is not the point; raster realism mid-tier.,"Logos, icons, brand systems, UI assets, print collateral.","Photoreal scenes, people."
fal-ai/recraft/v3/image-to-image,Recraft,Recraft,i2i,0.04,$0.04 per image,,fixed,fixed,Yes,No,No,Yes,1,"True vector (SVG/EPS) generation plus design-aware raster with brand-style locking — art-directed, print-ready output.",Photorealism is not the point; raster realism mid-tier.,"Logos, icons, brand systems, UI assets, print collateral.","Photoreal scenes, people."
fal-ai/recraft/v3/text-to-image,Recraft,Recraft,t2i,0.04,$0.04 per image,1.1,"square_hd, square, portrait_4_3, portrait_16_9, landscape_4_3, landscape_16_9",via image_size,No,No,No,Yes,1,"True vector (SVG/EPS) generation plus design-aware raster with brand-style locking — art-directed, print-ready output.",Photorealism is not the point; raster realism mid-tier.,"Logos, icons, brand systems, UI assets, print collateral.","Photoreal scenes, people."
fal-ai/recraft/v4.1/pro/text-to-image,Recraft,Recraft,t2i,0.21,$0.21 per image,1.1,"square_hd, square, portrait_4_3, portrait_16_9, landscape_4_3, landscape_16_9",via image_size,No,No,No,No,1,"True vector (SVG/EPS) generation plus design-aware raster with brand-style locking — art-directed, print-ready output.",Photorealism is not the point; raster realism mid-tier.,"Logos, icons, brand systems, UI assets, print collateral.","Photoreal scenes, people."
fal-ai/recraft/v4.1/pro/text-to-vector,Recraft,Recraft,t2i,0.3,$0.3 per image,1.1,"square_hd, square, portrait_4_3, portrait_16_9, landscape_4_3, landscape_16_9",via image_size,No,No,No,No,1,"True vector (SVG/EPS) generation plus design-aware raster with brand-style locking — art-directed, print-ready output.",Photorealism is not the point; raster realism mid-tier.,"Logos, icons, brand systems, UI assets, print collateral.","Photoreal scenes, people."
fal-ai/recraft/v4.1/text-to-image,Recraft,Recraft,t2i,0.035,$0.035 per image,1.1,"square_hd, square, portrait_4_3, portrait_16_9, landscape_4_3, landscape_16_9",via image_size,No,No,No,No,1,"True vector (SVG/EPS) generation plus design-aware raster with brand-style locking — art-directed, print-ready output.",Photorealism is not the point; raster realism mid-tier.,"Logos, icons, brand systems, UI assets, print collateral.","Photoreal scenes, people."
fal-ai/recraft/v4.1/text-to-vector,Recraft,Recraft,t2i,0.08,$0.08 per image,1.1,"square_hd, square, portrait_4_3, portrait_16_9, landscape_4_3, landscape_16_9",via image_size,No,No,No,No,1,"True vector (SVG/EPS) generation plus design-aware raster with brand-style locking — art-directed, print-ready output.",Photorealism is not the point; raster realism mid-tier.,"Logos, icons, brand systems, UI assets, print collateral.","Photoreal scenes, people."
fal-ai/recraft/v4.1/utility/pro/text-to-image,Recraft,Recraft,t2i,0.21,$0.21 per image,1.1,"square_hd, square, portrait_4_3, portrait_16_9, landscape_4_3, landscape_16_9",via image_size,No,No,No,No,1,"True vector (SVG/EPS) generation plus design-aware raster with brand-style locking — art-directed, print-ready output.",Photorealism is not the point; raster realism mid-tier.,"Logos, icons, brand systems, UI assets, print collateral.","Photoreal scenes, people."
fal-ai/recraft/v4.1/utility/text-to-image,Recraft,Recraft,t2i,0.035,$0.035 per image,1.1,"square_hd, square, portrait_4_3, portrait_16_9, landscape_4_3, landscape_16_9",via image_size,No,No,No,No,1,"True vector (SVG/EPS) generation plus design-aware raster with brand-style locking — art-directed, print-ready output.",Photorealism is not the point; raster realism mid-tier.,"Logos, icons, brand systems, UI assets, print collateral.","Photoreal scenes, people."
fal-ai/recraft/v4/pro/text-to-image,Recraft,Recraft,t2i,0.25,$0.25 per image,1.1,"square_hd, square, portrait_4_3, portrait_16_9, landscape_4_3, landscape_16_9",via image_size,No,No,No,No,1,"True vector (SVG/EPS) generation plus design-aware raster with brand-style locking — art-directed, print-ready output.",Photorealism is not the point; raster realism mid-tier.,"Logos, icons, brand systems, UI assets, print collateral.","Photoreal scenes, people."
fal-ai/recraft/v4/pro/text-to-vector,Recraft,Recraft,t2i,0.3,$0.3 per image,1.1,"square_hd, square, portrait_4_3, portrait_16_9, landscape_4_3, landscape_16_9",via image_size,No,No,No,No,1,"True vector (SVG/EPS) generation plus design-aware raster with brand-style locking — art-directed, print-ready output.",Photorealism is not the point; raster realism mid-tier.,"Logos, icons, brand systems, UI assets, print collateral.","Photoreal scenes, people."
fal-ai/recraft/v4/text-to-image,Recraft,Recraft,t2i,0.04,$0.04 per image,1.1,"square_hd, square, portrait_4_3, portrait_16_9, landscape_4_3, landscape_16_9",via image_size,No,No,No,No,1,"True vector (SVG/EPS) generation plus design-aware raster with brand-style locking — art-directed, print-ready output.",Photorealism is not the point; raster realism mid-tier.,"Logos, icons, brand systems, UI assets, print collateral.","Photoreal scenes, people."
fal-ai/recraft/v4/text-to-vector,Recraft,Recraft,t2i,0.08,$0.08 per image,1.1,"square_hd, square, portrait_4_3, portrait_16_9, landscape_4_3, landscape_16_9",via image_size,No,No,No,No,1,"True vector (SVG/EPS) generation plus design-aware raster with brand-style locking — art-directed, print-ready output.",Photorealism is not the point; raster realism mid-tier.,"Logos, icons, brand systems, UI assets, print collateral.","Photoreal scenes, people."
fal-ai/recraft/vectorize,Recraft,Recraft,i2i,0.01,$0.01 per image,,fixed,fixed,Yes,No,No,No,1,"True vector (SVG/EPS) generation plus design-aware raster with brand-style locking — art-directed, print-ready output.",Photorealism is not the point; raster realism mid-tier.,"Logos, icons, brand systems, UI assets, print collateral.","Photoreal scenes, people."
fal-ai/control-light,Relighting,,i2i,0.03,$0.03/MP x 1MP,,fixed,fixed,Yes,No,No,No,1,IC-Light-class photometric relighting with light-source control.,Can flatten materials.,"Product-photo relight, composite harmonization.",General editing.
fal-ai/iclight-v2,Relighting,,i2i,0.1,$0.1/MP x 1MP,1.1,"square_hd, square, portrait_4_3, portrait_16_9, landscape_4_3, landscape_16_9",via image_size,Yes,Yes,No,No,4,IC-Light-class photometric relighting with light-source control.,Can flatten materials.,"Product-photo relight, composite harmonization.",General editing.
fal-ai/ccsr,Restoration,,i2i,,billed per GPU compute-second,,fixed,fixed,Yes,No,No,No,1,"Deblur/denoise/colorize/face-restore specialists (NAFNet, CodeFormer, DDColor...).","Per-task models, no unified control.","Archive restoration, UGC cleanup.",Net-new imagery.
fal-ai/codeformer,Restoration,,i2i,0.0021,$0.0021/MP x 1MP,,fixed,fixed,Yes,No,No,No,1,"Deblur/denoise/colorize/face-restore specialists (NAFNet, CodeFormer, DDColor...).","Per-task models, no unified control.","Archive restoration, UGC cleanup.",Net-new imagery.
fal-ai/ddcolor,Restoration,,i2i,0.001,$0.001/MP x 1MP,,fixed,fixed,Yes,No,No,No,1,"Deblur/denoise/colorize/face-restore specialists (NAFNet, CodeFormer, DDColor...).","Per-task models, no unified control.","Archive restoration, UGC cleanup.",Net-new imagery.
fal-ai/docres,Restoration,,i2i,0.025,$0.025/MP x 1MP,,fixed,fixed,Yes,No,No,No,1,"Deblur/denoise/colorize/face-restore specialists (NAFNet, CodeFormer, DDColor...).","Per-task models, no unified control.","Archive restoration, UGC cleanup.",Net-new imagery.
fal-ai/docres/dewarp,Restoration,,i2i,0.03,$0.03/MP x 1MP,,fixed,fixed,Yes,No,No,No,1,"Deblur/denoise/colorize/face-restore specialists (NAFNet, CodeFormer, DDColor...).","Per-task models, no unified control.","Archive restoration, UGC cleanup.",Net-new imagery.
fal-ai/drct-super-resolution,Restoration,,i2i,0.0045,$0.0045/MP x 1MP,,fixed,fixed,Yes,No,No,No,1,"Deblur/denoise/colorize/face-restore specialists (NAFNet, CodeFormer, DDColor...).","Per-task models, no unified control.","Archive restoration, UGC cleanup.",Net-new imagery.
fal-ai/nafnet/deblur,Restoration,,i2i,0.0225,$0.0225/MP x 1MP,,fixed,fixed,Yes,No,No,No,1,"Deblur/denoise/colorize/face-restore specialists (NAFNet, CodeFormer, DDColor...).","Per-task models, no unified control.","Archive restoration, UGC cleanup.",Net-new imagery.
fal-ai/nafnet/denoise,Restoration,,i2i,0.0225,$0.0225/MP x 1MP,,fixed,fixed,Yes,No,No,No,1,"Deblur/denoise/colorize/face-restore specialists (NAFNet, CodeFormer, DDColor...).","Per-task models, no unified control.","Archive restoration, UGC cleanup.",Net-new imagery.
fal-ai/pasd,Restoration,,i2i,0.03,$0.03/MP x 1MP,,fixed,fixed,Yes,No,No,No,1,"Deblur/denoise/colorize/face-restore specialists (NAFNet, CodeFormer, DDColor...).","Per-task models, no unified control.","Archive restoration, UGC cleanup.",Net-new imagery.
fal-ai/retoucher,Restoration,,i2i,,billed per GPU compute-second,,fixed,fixed,Yes,No,No,No,1,"Deblur/denoise/colorize/face-restore specialists (NAFNet, CodeFormer, DDColor...).","Per-task models, no unified control.","Archive restoration, UGC cleanup.",Net-new imagery.
reve/2.1/edit,Reve,,i2i,0.25,$0.25 per image,,fixed,"4:1, 3:1, 21:9, 2:1, 17:9, 16:9, 3:2, 4:3, 5:4, 1:1, 4:5, 3:4, 2:3, 9:16, 1:2, 1:3, 1:4, auto",Yes,No,No,No,4,Design-aware generation with strong adherence (Halfmoon lineage).,Small ecosystem.,"Design comps, art direction exploration.",Volume pipelines.
reve/2.1/remix,Reve,Reve,i2i,0.25,$0.25 per image,,fixed,"4:1, 3:1, 21:9, 2:1, 17:9, 16:9, 3:2, 4:3, 5:4, 1:1, 4:5, 3:4, 2:3, 9:16, 1:2, 1:3, 1:4, auto",Yes,No,No,No,4,Design-aware generation with strong adherence (Halfmoon lineage).,Small ecosystem.,"Design comps, art direction exploration.",Volume pipelines.
reve/2.1/text-to-image,Reve,Reve,t2i,0.25,$0.25 per image,,fixed,"4:1, 3:1, 21:9, 2:1, 17:9, 16:9, 3:2, 4:3, 5:4, 1:1, 4:5, 3:4, 2:3, 9:16, 1:2, 1:3, 1:4, auto",No,No,No,No,4,Design-aware generation with strong adherence (Halfmoon lineage).,Small ecosystem.,"Design comps, art direction exploration.",Volume pipelines.
fal-ai/evf-sam,SAM segmentation,,i2i,0.005,$0.005 (parsed loosely),,fixed,fixed,Yes,No,No,No,1,Segment-Anything (v1/2) masks as a service.,Masks only.,"Auto-masking for edits, dataset prep.",Generation.
fal-ai/sam-3-1/image,SAM segmentation,,i2i,0.01,$0.01 per request,,fixed,fixed,Yes,No,No,No,1,Segment-Anything (v1/2) masks as a service.,Masks only.,"Auto-masking for edits, dataset prep.",Generation.
fal-ai/sam-3-1/image-rle,SAM segmentation,,i2i,0.01,$0.01 per request,,fixed,fixed,Yes,No,No,No,1,Segment-Anything (v1/2) masks as a service.,Masks only.,"Auto-masking for edits, dataset prep.",Generation.
fal-ai/sam-3/image,SAM segmentation,,i2i,0.005,$0.005 per request,,fixed,fixed,Yes,No,No,No,1,Segment-Anything (v1/2) masks as a service.,Masks only.,"Auto-masking for edits, dataset prep.",Generation.
fal-ai/sam-3/image-rle,SAM segmentation,,i2i,0.005,$0.005 (parsed loosely),,fixed,fixed,Yes,No,No,No,1,Segment-Anything (v1/2) masks as a service.,Masks only.,"Auto-masking for edits, dataset prep.",Generation.
fal-ai/sam2/auto-segment,SAM segmentation,,i2i,,billed per GPU compute-second,,fixed,fixed,Yes,No,No,No,1,Segment-Anything (v1/2) masks as a service.,Masks only.,"Auto-masking for edits, dataset prep.",Generation.
fal-ai/sam2/image,SAM segmentation,,i2i,,billed per GPU compute-second,,fixed,fixed,Yes,No,No,No,1,Segment-Anything (v1/2) masks as a service.,Masks only.,"Auto-masking for edits, dataset prep.",Generation.
fal-ai/dreamshaper,SD community minis,,t2i,,billed per GPU compute-second,1.1,"square_hd, square, portrait_4_3, portrait_16_9, landscape_4_3, landscape_16_9",via image_size,No,No,Yes,No,8,"Community checkpoints (Pony, DreamShaper) with devoted niches.",Dated bases.,Niche community aesthetics.,Commercial work.
fal-ai/illusion-diffusion,SD community minis,,t2i,,billed per GPU compute-second,1.1,"square_hd, square, portrait_4_3, portrait_16_9, landscape_4_3, landscape_16_9",via image_size,Yes,No,No,No,1,"Community checkpoints (Pony, DreamShaper) with devoted niches.",Dated bases.,Niche community aesthetics.,Commercial work.
fal-ai/pony-v7,SD community minis,,t2i,0.03,$0.03/MP x 1MP,1.1,"square_hd, square, portrait_4_3, portrait_16_9, landscape_4_3, landscape_16_9",via image_size,No,No,No,No,2,"Community checkpoints (Pony, DreamShaper) with devoted niches.",Dated bases.,Niche community aesthetics.,Commercial work.
fal-ai/fast-lcm-diffusion,SD/SDXL legacy,Stability AI,t2i,,billed per GPU compute-second,1.1,"square_hd, square, portrait_4_3, portrait_16_9, landscape_4_3, landscape_16_9",via image_size,No,No,No,No,8,"Free-tier compute pricing, LoRA/ControlNet ecosystems, fully understood behavior.","2023-era quality: anatomy, text and coherence all dated.","Hobby projects, education, existing SDXL pipelines.",Anything competing on quality in 2026.
fal-ai/fast-lcm-diffusion/image-to-image,SD/SDXL legacy,Stability AI,i2i,,billed per GPU compute-second,1.1,"square_hd, square, portrait_4_3, portrait_16_9, landscape_4_3, landscape_16_9",via image_size,Yes,No,No,No,8,"Free-tier compute pricing, LoRA/ControlNet ecosystems, fully understood behavior.","2023-era quality: anatomy, text and coherence all dated.","Hobby projects, education, existing SDXL pipelines.",Anything competing on quality in 2026.
fal-ai/fast-lcm-diffusion/inpainting,SD/SDXL legacy,Stability AI,i2i,,billed per GPU compute-second,1.1,"square_hd, square, portrait_4_3, portrait_16_9, landscape_4_3, landscape_16_9",via image_size,Yes,Yes,No,No,8,"Free-tier compute pricing, LoRA/ControlNet ecosystems, fully understood behavior.","2023-era quality: anatomy, text and coherence all dated.","Hobby projects, education, existing SDXL pipelines.",Anything competing on quality in 2026.
fal-ai/fast-lightning-sdxl,SD/SDXL legacy,,t2i,,billed per GPU compute-second,1.1,"square_hd, square, portrait_4_3, portrait_16_9, landscape_4_3, landscape_16_9",via image_size,No,No,Yes,No,8,"Free-tier compute pricing, LoRA/ControlNet ecosystems, fully understood behavior.","2023-era quality: anatomy, text and coherence all dated.","Hobby projects, education, existing SDXL pipelines.",Anything competing on quality in 2026.
fal-ai/fast-lightning-sdxl/image-to-image,SD/SDXL legacy,,i2i,,billed per GPU compute-second,1.1,"square_hd, square, portrait_4_3, portrait_16_9, landscape_4_3, landscape_16_9",via image_size,Yes,No,Yes,No,8,"Free-tier compute pricing, LoRA/ControlNet ecosystems, fully understood behavior.","2023-era quality: anatomy, text and coherence all dated.","Hobby projects, education, existing SDXL pipelines.",Anything competing on quality in 2026.
fal-ai/fast-lightning-sdxl/inpainting,SD/SDXL legacy,,i2i,,billed per GPU compute-second,1.1,"square_hd, square, portrait_4_3, portrait_16_9, landscape_4_3, landscape_16_9",via image_size,Yes,Yes,Yes,No,8,"Free-tier compute pricing, LoRA/ControlNet ecosystems, fully understood behavior.","2023-era quality: anatomy, text and coherence all dated.","Hobby projects, education, existing SDXL pipelines.",Anything competing on quality in 2026.
fal-ai/fast-sdxl,SD/SDXL legacy,,t2i,,billed per GPU compute-second,1.1,"square_hd, square, portrait_4_3, portrait_16_9, landscape_4_3, landscape_16_9",via image_size,No,No,Yes,No,8,"Free-tier compute pricing, LoRA/ControlNet ecosystems, fully understood behavior.","2023-era quality: anatomy, text and coherence all dated.","Hobby projects, education, existing SDXL pipelines.",Anything competing on quality in 2026.
fal-ai/fast-sdxl/image-to-image,SD/SDXL legacy,,i2i,,billed per GPU compute-second,1.1,"square_hd, square, portrait_4_3, portrait_16_9, landscape_4_3, landscape_16_9",via image_size,Yes,No,Yes,No,8,"Free-tier compute pricing, LoRA/ControlNet ecosystems, fully understood behavior.","2023-era quality: anatomy, text and coherence all dated.","Hobby projects, education, existing SDXL pipelines.",Anything competing on quality in 2026.
fal-ai/fast-sdxl/inpainting,SD/SDXL legacy,,i2i,,billed per GPU compute-second,1.1,"square_hd, square, portrait_4_3, portrait_16_9, landscape_4_3, landscape_16_9",via image_size,Yes,Yes,Yes,No,8,"Free-tier compute pricing, LoRA/ControlNet ecosystems, fully understood behavior.","2023-era quality: anatomy, text and coherence all dated.","Hobby projects, education, existing SDXL pipelines.",Anything competing on quality in 2026.
fal-ai/lcm-sd15-i2i,SD/SDXL legacy,,i2i,,billed per GPU compute-second,,fixed,fixed,Yes,Yes,No,No,8,"Free-tier compute pricing, LoRA/ControlNet ecosystems, fully understood behavior.","2023-era quality: anatomy, text and coherence all dated.","Hobby projects, education, existing SDXL pipelines.",Anything competing on quality in 2026.
fal-ai/lora,SD/SDXL legacy,,t2i,,billed per GPU compute-second,1.1,"square_hd, square, portrait_4_3, portrait_16_9, landscape_4_3, landscape_16_9",via image_size,No,No,Yes,No,8,"Free-tier compute pricing, LoRA/ControlNet ecosystems, fully understood behavior.","2023-era quality: anatomy, text and coherence all dated.","Hobby projects, education, existing SDXL pipelines.",Anything competing on quality in 2026.
fal-ai/lora/image-to-image,SD/SDXL legacy,,i2i,,billed per GPU compute-second,,fixed,fixed,Yes,No,Yes,No,8,"Free-tier compute pricing, LoRA/ControlNet ecosystems, fully understood behavior.","2023-era quality: anatomy, text and coherence all dated.","Hobby projects, education, existing SDXL pipelines.",Anything competing on quality in 2026.
fal-ai/stable-cascade,SD/SDXL legacy,Stability AI,t2i,,billed per GPU compute-second,1.1,"square_hd, square, portrait_4_3, portrait_16_9, landscape_4_3, landscape_16_9",via image_size,No,No,No,No,4,"Free-tier compute pricing, LoRA/ControlNet ecosystems, fully understood behavior.","2023-era quality: anatomy, text and coherence all dated.","Hobby projects, education, existing SDXL pipelines.",Anything competing on quality in 2026.
fal-ai/stable-cascade/sote-diffusion,SD/SDXL legacy,Stability AI,t2i,,billed per GPU compute-second,1.1,"square_hd, square, portrait_4_3, portrait_16_9, landscape_4_3, landscape_16_9",via image_size,No,No,No,No,4,"Free-tier compute pricing, LoRA/ControlNet ecosystems, fully understood behavior.","2023-era quality: anatomy, text and coherence all dated.","Hobby projects, education, existing SDXL pipelines.",Anything competing on quality in 2026.
fal-ai/stable-diffusion-v15,SD/SDXL legacy,Stability AI,t2i,,billed per GPU compute-second,1.1,"square_hd, square, portrait_4_3, portrait_16_9, landscape_4_3, landscape_16_9",via image_size,No,No,Yes,No,8,"Free-tier compute pricing, LoRA/ControlNet ecosystems, fully understood behavior.","2023-era quality: anatomy, text and coherence all dated.","Hobby projects, education, existing SDXL pipelines.",Anything competing on quality in 2026.
fal-ai/stable-diffusion-v3-medium,SD/SDXL legacy,Stability AI,t2i,0.035,$0.035 per image,1.1,"square_hd, square, portrait_4_3, portrait_16_9, landscape_4_3, landscape_16_9",via image_size,No,No,No,No,4,"Free-tier compute pricing, LoRA/ControlNet ecosystems, fully understood behavior.","2023-era quality: anatomy, text and coherence all dated.","Hobby projects, education, existing SDXL pipelines.",Anything competing on quality in 2026.
fal-ai/stable-diffusion-v3-medium/image-to-image,SD/SDXL legacy,Stability AI,i2i,,,1.1,"square_hd, square, portrait_4_3, portrait_16_9, landscape_4_3, landscape_16_9",via image_size,Yes,No,No,No,4,"Free-tier compute pricing, LoRA/ControlNet ecosystems, fully understood behavior.","2023-era quality: anatomy, text and coherence all dated.","Hobby projects, education, existing SDXL pipelines.",Anything competing on quality in 2026.
fal-ai/stable-diffusion-v35-large,SD/SDXL legacy,Stability AI,t2i,0.065,$0.065/MP x 1MP,1.1,"square_hd, square, portrait_4_3, portrait_16_9, landscape_4_3, landscape_16_9",via image_size,No,No,Yes,No,4,"Free-tier compute pricing, LoRA/ControlNet ecosystems, fully understood behavior.","2023-era quality: anatomy, text and coherence all dated.","Hobby projects, education, existing SDXL pipelines.",Anything competing on quality in 2026.
fal-ai/stable-diffusion-v35-medium,SD/SDXL legacy,Stability AI,t2i,0.02,$0.02/MP x 1MP,1.1,"square_hd, square, portrait_4_3, portrait_16_9, landscape_4_3, landscape_16_9",via image_size,No,No,No,No,4,"Free-tier compute pricing, LoRA/ControlNet ecosystems, fully understood behavior.","2023-era quality: anatomy, text and coherence all dated.","Hobby projects, education, existing SDXL pipelines.",Anything competing on quality in 2026.
fal-ai/fast-sdxl-controlnet-canny,SDXL ControlNet,,t2i,,billed per GPU compute-second,1.1,"square_hd, square, portrait_4_3, portrait_16_9, landscape_4_3, landscape_16_9",via image_size,No,No,Yes,Yes,8,"Mature, precise structural control (canny/depth/union) on SDXL.",SDXL base quality underneath.,Layout-exact compositing where structure beats fidelity.,Final-quality output.
fal-ai/fast-sdxl-controlnet-canny/image-to-image,SDXL ControlNet,,i2i,,billed per GPU compute-second,1.1,"square_hd, square, portrait_4_3, portrait_16_9, landscape_4_3, landscape_16_9",via image_size,Yes,No,Yes,Yes,8,"Mature, precise structural control (canny/depth/union) on SDXL.",SDXL base quality underneath.,Layout-exact compositing where structure beats fidelity.,Final-quality output.
fal-ai/fast-sdxl-controlnet-canny/inpainting,SDXL ControlNet,,i2i,,billed per GPU compute-second,1.1,"square_hd, square, portrait_4_3, portrait_16_9, landscape_4_3, landscape_16_9",via image_size,Yes,Yes,Yes,Yes,8,"Mature, precise structural control (canny/depth/union) on SDXL.",SDXL base quality underneath.,Layout-exact compositing where structure beats fidelity.,Final-quality output.
fal-ai/sdxl-controlnet-union,SDXL ControlNet,,t2i,,billed per GPU compute-second,1.1,"square_hd, square, portrait_4_3, portrait_16_9, landscape_4_3, landscape_16_9",via image_size,No,No,Yes,No,8,"Mature, precise structural control (canny/depth/union) on SDXL.",SDXL base quality underneath.,Layout-exact compositing where structure beats fidelity.,Final-quality output.
fal-ai/sdxl-controlnet-union/image-to-image,SDXL ControlNet,,i2i,,billed per GPU compute-second,1.1,"square_hd, square, portrait_4_3, portrait_16_9, landscape_4_3, landscape_16_9",via image_size,Yes,No,Yes,No,8,"Mature, precise structural control (canny/depth/union) on SDXL.",SDXL base quality underneath.,Layout-exact compositing where structure beats fidelity.,Final-quality output.
fal-ai/sdxl-controlnet-union/inpainting,SDXL ControlNet,,i2i,,billed per GPU compute-second,1.1,"square_hd, square, portrait_4_3, portrait_16_9, landscape_4_3, landscape_16_9",via image_size,Yes,Yes,Yes,No,8,"Mature, precise structural control (canny/depth/union) on SDXL.",SDXL base quality underneath.,Layout-exact compositing where structure beats fidelity.,Final-quality output.
fal-ai/sana,Sana,,t2i,0.001,$0.001/MP x 1MP,1.1,"square_hd, square, portrait_4_3, portrait_16_9, landscape_4_3, landscape_16_9",via image_size,No,No,No,No,4,NVIDIA's tiny ultra-fast model (4K in ~1s class); efficient at scale.,Detail and adherence trail big models.,"Realtime previews, latency-sensitive apps.",Final-quality output.
fal-ai/sana/sprint,Sana,,t2i,0.0025,$0.0025/MP x 1MP,1.1,"square_hd, square, portrait_4_3, portrait_16_9, landscape_4_3, landscape_16_9",via image_size,No,No,No,No,4,NVIDIA's tiny ultra-fast model (4K in ~1s class); efficient at scale.,Detail and adherence trail big models.,"Realtime previews, latency-sensitive apps.",Final-quality output.
fal-ai/sana/v1.5/1.6b,Sana,,t2i,0.0075,$0.0075/MP x 1MP,1.1,"square_hd, square, portrait_4_3, portrait_16_9, landscape_4_3, landscape_16_9",via image_size,No,No,No,No,4,NVIDIA's tiny ultra-fast model (4K in ~1s class); efficient at scale.,Detail and adherence trail big models.,"Realtime previews, latency-sensitive apps.",Final-quality output.
fal-ai/sana/v1.5/4.8b,Sana,,t2i,0.01,$0.01/MP x 1MP,1.1,"square_hd, square, portrait_4_3, portrait_16_9, landscape_4_3, landscape_16_9",via image_size,No,No,No,No,4,NVIDIA's tiny ultra-fast model (4K in ~1s class); efficient at scale.,Detail and adherence trail big models.,"Realtime previews, latency-sensitive apps.",Final-quality output.
bytedance/seedream/v5/lite/edit,Seedream,Bytedance,i2i,0.035,$0.035 per image,1.1,"square_hd, square, portrait_4_3, portrait_16_9, landscape_4_3, landscape_16_9, auto_2K, auto_3K, auto_4K",via image_size,Yes,No,No,No,6,"ByteDance's unified gen+edit frontier model — 4K output, strong prompt adherence, cheap at ~$0.03/image; v4.5 tops several arenas.",Aesthetic bias toward clean commercial looks; weaker community tooling.,"E-commerce and product imagery at volume, brand campaigns, 4K masters on a budget.","Fine-art direction, western editorial styles."
bytedance/seedream/v5/lite/text-to-image,Seedream,Bytedance,t2i,0.035,$0.035 per image,1.1,"square_hd, square, portrait_4_3, portrait_16_9, landscape_4_3, landscape_16_9, auto_2K, auto_3K, auto_4K",via image_size,No,No,No,No,6,"ByteDance's unified gen+edit frontier model — 4K output, strong prompt adherence, cheap at ~$0.03/image; v4.5 tops several arenas.",Aesthetic bias toward clean commercial looks; weaker community tooling.,"E-commerce and product imagery at volume, brand campaigns, 4K masters on a budget.","Fine-art direction, western editorial styles."
bytedance/seedream/v5/pro/edit,Seedream,Bytedance,i2i,,,1.1,"square_hd, square, portrait_4_3, portrait_16_9, landscape_4_3, landscape_16_9, auto_1K, auto_2K",via image_size,Yes,No,No,No,6,"ByteDance's unified gen+edit frontier model — 4K output, strong prompt adherence, cheap at ~$0.03/image; v4.5 tops several arenas.",Aesthetic bias toward clean commercial looks; weaker community tooling.,"E-commerce and product imagery at volume, brand campaigns, 4K masters on a budget.","Fine-art direction, western editorial styles."
bytedance/seedream/v5/pro/layerize,Seedream,Bytedance,i2i,,,1.1,"auto, auto_1K, auto_1.5K, auto_2K",via image_size,Yes,No,No,No,1,"ByteDance's unified gen+edit frontier model — 4K output, strong prompt adherence, cheap at ~$0.03/image; v4.5 tops several arenas.",Aesthetic bias toward clean commercial looks; weaker community tooling.,"E-commerce and product imagery at volume, brand campaigns, 4K masters on a budget.","Fine-art direction, western editorial styles."
bytedance/seedream/v5/pro/text-to-image,Seedream,Bytedance,t2i,0.0675,$0.0675 per image,1.1,"square_hd, square, portrait_4_3, portrait_16_9, landscape_4_3, landscape_16_9, auto_1K, auto_2K",via image_size,No,No,No,No,6,"ByteDance's unified gen+edit frontier model — 4K output, strong prompt adherence, cheap at ~$0.03/image; v4.5 tops several arenas.",Aesthetic bias toward clean commercial looks; weaker community tooling.,"E-commerce and product imagery at volume, brand campaigns, 4K masters on a budget.","Fine-art direction, western editorial styles."
fal-ai/bytedance/seedream/v4.5/edit,Seedream,Bytedance,i2i,0.04,$0.04 per image,1.1,"square_hd, square, portrait_4_3, portrait_16_9, landscape_4_3, landscape_16_9, auto_2K, auto_4K",via image_size,Yes,No,No,No,6,"ByteDance's unified gen+edit frontier model — 4K output, strong prompt adherence, cheap at ~$0.03/image; v4.5 tops several arenas.",Aesthetic bias toward clean commercial looks; weaker community tooling.,"E-commerce and product imagery at volume, brand campaigns, 4K masters on a budget.","Fine-art direction, western editorial styles."
fal-ai/bytedance/seedream/v4.5/text-to-image,Seedream,Bytedance,t2i,0.04,$0.04 per image,1.1,"square_hd, square, portrait_4_3, portrait_16_9, landscape_4_3, landscape_16_9, auto_2K, auto_4K",via image_size,No,No,No,No,6,"ByteDance's unified gen+edit frontier model — 4K output, strong prompt adherence, cheap at ~$0.03/image; v4.5 tops several arenas.",Aesthetic bias toward clean commercial looks; weaker community tooling.,"E-commerce and product imagery at volume, brand campaigns, 4K masters on a budget.","Fine-art direction, western editorial styles."
fal-ai/bytedance/seedream/v4/edit,Seedream,Bytedance,i2i,0.03,$0.03 per image,1.1,"square_hd, square, portrait_4_3, portrait_16_9, landscape_4_3, landscape_16_9, auto, auto_2K, auto_4K",via image_size,Yes,No,No,No,6,"ByteDance's unified gen+edit frontier model — 4K output, strong prompt adherence, cheap at ~$0.03/image; v4.5 tops several arenas.",Aesthetic bias toward clean commercial looks; weaker community tooling.,"E-commerce and product imagery at volume, brand campaigns, 4K masters on a budget.","Fine-art direction, western editorial styles."
fal-ai/bytedance/seedream/v4/text-to-image,Seedream,Bytedance,t2i,0.03,$0.03 per image,1.1,"square_hd, square, portrait_4_3, portrait_16_9, landscape_4_3, landscape_16_9, auto, auto_2K, auto_4K",via image_size,No,No,No,No,6,"ByteDance's unified gen+edit frontier model — 4K output, strong prompt adherence, cheap at ~$0.03/image; v4.5 tops several arenas.",Aesthetic bias toward clean commercial looks; weaker community tooling.,"E-commerce and product imagery at volume, brand campaigns, 4K masters on a budget.","Fine-art direction, western editorial styles."
fal-ai/cartoonify,Stylize minis,,i2i,0.1,$0.1 per image,,fixed,fixed,Yes,No,No,No,1,"One-trick style converters (Ghibli, cartoon, pixel).",Single look each.,"Novelty features, campaign gimmicks.",Brand systems.
fal-ai/ghiblify,Stylize minis,,i2i,0.05,$0.05 per image,,fixed,fixed,Yes,No,No,No,1,"One-trick style converters (Ghibli, cartoon, pixel).",Single look each.,"Novelty features, campaign gimmicks.",Brand systems.
fal-ai/image2pixel,Stylize minis,,i2i,,billed per GPU compute-second,,fixed,fixed,Yes,No,No,No,1,"One-trick style converters (Ghibli, cartoon, pixel).",Single look each.,"Novelty features, campaign gimmicks.",Brand systems.
fal-ai/telestyle-v2,Stylize minis,,i2i,0.035,$0.035/MP x 1MP,1.1,"square_hd, square, portrait_4_3, portrait_16_9, landscape_4_3, landscape_16_9",via image_size,No,No,No,No,4,"One-trick style converters (Ghibli, cartoon, pixel).",Single look each.,"Novelty features, campaign gimmicks.",Brand systems.
clarityai/crystal-upscaler,Upscalers,Clarity AI,i2i,0.016,$0.016/MP x 1MP,,fixed,fixed,Yes,No,No,No,1,"Dedicated super-resolution (Topaz, Clarity, ESRGAN, SUPIR...) — real detail recovery at production scale.",Can hallucinate texture; per-MP cost stacks on large prints.,"Print prep, archive restoration, AI-output upscaling.",Content generation.
fal-ai/aura-sr,Upscalers,,i2i,,billed per GPU compute-second,,fixed,fixed,Yes,No,No,No,1,"Dedicated super-resolution (Topaz, Clarity, ESRGAN, SUPIR...) — real detail recovery at production scale.",Can hallucinate texture; per-MP cost stacks on large prints.,"Print prep, archive restoration, AI-output upscaling.",Content generation.
fal-ai/chrono-edit-lora-gallery/upscaler,Upscalers,,i2i,0.03,$0.03 per 720p image,,fixed,fixed,Yes,No,Yes,No,1,"Dedicated super-resolution (Topaz, Clarity, ESRGAN, SUPIR...) — real detail recovery at production scale.",Can hallucinate texture; per-MP cost stacks on large prints.,"Print prep, archive restoration, AI-output upscaling.",Content generation.
fal-ai/clarity-upscaler,Upscalers,Clarity AI,i2i,0.03,$0.03/MP x 1MP,,fixed,fixed,Yes,No,No,No,1,"Dedicated super-resolution (Topaz, Clarity, ESRGAN, SUPIR...) — real detail recovery at production scale.",Can hallucinate texture; per-MP cost stacks on large prints.,"Print prep, archive restoration, AI-output upscaling.",Content generation.
fal-ai/creative-upscaler,Upscalers,,i2i,,billed per GPU compute-second,,fixed,fixed,Yes,No,No,No,1,"Dedicated super-resolution (Topaz, Clarity, ESRGAN, SUPIR...) — real detail recovery at production scale.",Can hallucinate texture; per-MP cost stacks on large prints.,"Print prep, archive restoration, AI-output upscaling.",Content generation.
fal-ai/esrgan,Upscalers,,i2i,,billed per GPU compute-second,,fixed,fixed,Yes,No,No,No,1,"Dedicated super-resolution (Topaz, Clarity, ESRGAN, SUPIR...) — real detail recovery at production scale.",Can hallucinate texture; per-MP cost stacks on large prints.,"Print prep, archive restoration, AI-output upscaling.",Content generation.
fal-ai/seedvr/upscale/image,Upscalers,SeedVR,i2i,0.001,$0.001/MP x 1MP,,fixed,fixed,Yes,No,No,No,1,"Dedicated super-resolution (Topaz, Clarity, ESRGAN, SUPIR...) — real detail recovery at production scale.",Can hallucinate texture; per-MP cost stacks on large prints.,"Print prep, archive restoration, AI-output upscaling.",Content generation.
fal-ai/seedvr/upscale/image/seamless,Upscalers,SeedVR,i2i,0.0025,$0.0025/MP x 1MP,,fixed,fixed,Yes,No,No,No,1,"Dedicated super-resolution (Topaz, Clarity, ESRGAN, SUPIR...) — real detail recovery at production scale.",Can hallucinate texture; per-MP cost stacks on large prints.,"Print prep, archive restoration, AI-output upscaling.",Content generation.
topaz/adjust/image,Upscalers,Topaz Labs,i2i,0.08,$0.08 (parsed loosely),,fixed,fixed,Yes,No,No,No,1,"Dedicated super-resolution (Topaz, Clarity, ESRGAN, SUPIR...) — real detail recovery at production scale.",Can hallucinate texture; per-MP cost stacks on large prints.,"Print prep, archive restoration, AI-output upscaling.",Content generation.
topaz/denoise/image,Upscalers,Topaz Labs,i2i,,,,fixed,fixed,Yes,No,No,No,1,"Dedicated super-resolution (Topaz, Clarity, ESRGAN, SUPIR...) — real detail recovery at production scale.",Can hallucinate texture; per-MP cost stacks on large prints.,"Print prep, archive restoration, AI-output upscaling.",Content generation.
topaz/restore/image,Upscalers,Topaz Labs,i2i,,,,fixed,fixed,Yes,No,No,No,1,"Dedicated super-resolution (Topaz, Clarity, ESRGAN, SUPIR...) — real detail recovery at production scale.",Can hallucinate texture; per-MP cost stacks on large prints.,"Print prep, archive restoration, AI-output upscaling.",Content generation.
topaz/sharpen/image,Upscalers,Topaz Labs,i2i,,,,fixed,fixed,Yes,No,No,No,1,"Dedicated super-resolution (Topaz, Clarity, ESRGAN, SUPIR...) — real detail recovery at production scale.",Can hallucinate texture; per-MP cost stacks on large prints.,"Print prep, archive restoration, AI-output upscaling.",Content generation.
topaz/upscale/image/creative,Upscalers,Topaz Labs,i2i,0.96,$0.96 (parsed loosely),,fixed,fixed,Yes,No,No,No,1,"Dedicated super-resolution (Topaz, Clarity, ESRGAN, SUPIR...) — real detail recovery at production scale.",Can hallucinate texture; per-MP cost stacks on large prints.,"Print prep, archive restoration, AI-output upscaling.",Content generation.
topaz/upscale/image/generative,Upscalers,Topaz Labs,i2i,,,,fixed,fixed,Yes,No,No,No,1,"Dedicated super-resolution (Topaz, Clarity, ESRGAN, SUPIR...) — real detail recovery at production scale.",Can hallucinate texture; per-MP cost stacks on large prints.,"Print prep, archive restoration, AI-output upscaling.",Content generation.
topaz/upscale/image/precision,Upscalers,Topaz Labs,i2i,,,,fixed,fixed,Yes,No,No,No,1,"Dedicated super-resolution (Topaz, Clarity, ESRGAN, SUPIR...) — real detail recovery at production scale.",Can hallucinate texture; per-MP cost stacks on large prints.,"Print prep, archive restoration, AI-output upscaling.",Content generation.
topaz/upscale/image/transparent,Upscalers,Topaz Labs,i2i,0.08,$0.08 (parsed loosely),,fixed,fixed,Yes,No,No,No,1,"Dedicated super-resolution (Topaz, Clarity, ESRGAN, SUPIR...) — real detail recovery at production scale.",Can hallucinate texture; per-MP cost stacks on large prints.,"Print prep, archive restoration, AI-output upscaling.",Content generation.
fal-ai/vidu/q2/reference-to-image,Vidu Image,Vidu,i2i,0.1,$0.1 per image,,fixed,"16:9, 9:16, 1:1",No,No,No,Yes,1,Vidu's reference-consistent image generation feeding its video stack.,Niche outside that pipeline.,Character sheets for Vidu video workflows.,General generation.
fal-ai/vidu/q2/text-to-image,Vidu Image,Vidu,t2i,0.1,$0.1 per image,,fixed,"16:9, 9:16, 1:1",No,No,No,No,1,Vidu's reference-consistent image generation feeding its video stack.,Niche outside that pipeline.,Character sheets for Vidu video workflows.,General generation.
fal-ai/vidu/reference-to-image,Vidu Image,Vidu,i2i,0.1,$0.1 per image,,fixed,"16:9, 9:16, 1:1",No,No,No,Yes,1,Vidu's reference-consistent image generation feeding its video stack.,Niche outside that pipeline.,Character sheets for Vidu video workflows.,General generation.
fal-ai/cat-vton,Virtual try-on,,i2i,,billed per GPU compute-second,1.1,"square_hd, square, portrait_4_3, portrait_16_9, landscape_4_3, landscape_16_9",via image_size,No,No,No,No,1,"Garment transfer onto model photos (CatVTON, Leffa, Fashn).",Struggles with complex garments/poses; body diversity varies.,E-commerce apparel try-on at scale.,Editorial fashion art.
fal-ai/fashn/tryon/v1.5,Virtual try-on,Fashn,i2i,0.075,$0.075 per generation,,fixed,fixed,No,No,No,No,1,"Garment transfer onto model photos (CatVTON, Leffa, Fashn).",Struggles with complex garments/poses; body diversity varies.,E-commerce apparel try-on at scale.,Editorial fashion art.
fal-ai/fashn/tryon/v1.6,Virtual try-on,Fashn,i2i,0.075,$0.075 per generation,,fixed,fixed,No,No,No,No,1,"Garment transfer onto model photos (CatVTON, Leffa, Fashn).",Struggles with complex garments/poses; body diversity varies.,E-commerce apparel try-on at scale.,Editorial fashion art.
fal-ai/leffa/pose-transfer,Virtual try-on,,i2i,0.1,$0.1 per generation,,fixed,fixed,No,No,No,No,1,"Garment transfer onto model photos (CatVTON, Leffa, Fashn).",Struggles with complex garments/poses; body diversity varies.,E-commerce apparel try-on at scale.,Editorial fashion art.
fal-ai/leffa/virtual-tryon,Virtual try-on,,i2i,0.1,$0.1 per generation,,fixed,fixed,No,No,No,No,1,"Garment transfer onto model photos (CatVTON, Leffa, Fashn).",Struggles with complex garments/poses; body diversity varies.,E-commerce apparel try-on at scale.,Editorial fashion art.
fal-ai/moondream-next/detection,Vision/captioning,Moondream,i2i,0.0011,$0.0011 (parsed loosely),,fixed,fixed,Yes,No,No,No,1,"Vision-language utilities (captioning, VQA).",Not generators.,"Alt-text, dataset labeling, prompt mining.",Image creation.
fal-ai/moondream3-preview/segment,Vision/captioning,Moondream,i2i,,token-based (varies with size/quality),,fixed,fixed,Yes,No,No,No,1,"Vision-language utilities (captioning, VQA).",Not generators.,"Alt-text, dataset labeling, prompt mining.",Image creation.
fal-ai/realistic-vision,Vision/captioning,,t2i,,billed per GPU compute-second,1.1,"square_hd, square, portrait_4_3, portrait_16_9, landscape_4_3, landscape_16_9",via image_size,No,No,Yes,No,8,"Vision-language utilities (captioning, VQA).",Not generators.,"Alt-text, dataset labeling, prompt mining.",Image creation.
fal-ai/wan-25-preview/image-to-image,Wan Image,Alibaba,i2i,0.05,$0.05 per image,1.1,"square_hd, square, portrait_4_3, portrait_16_9, landscape_4_3, landscape_16_9",via image_size,Yes,No,No,No,4,"Wan-family image endpoints — strong open aesthetics, LoRA-friendly.",Image side less famous than video.,"Stills matching Wan video looks, open pipelines.",Typography.
fal-ai/wan-25-preview/text-to-image,Wan Image,Alibaba,t2i,0.05,$0.05 per image,1.1,"square_hd, square, portrait_4_3, portrait_16_9, landscape_4_3, landscape_16_9",via image_size,No,No,No,No,4,"Wan-family image endpoints — strong open aesthetics, LoRA-friendly.",Image side less famous than video.,"Stills matching Wan video looks, open pipelines.",Typography.
fal-ai/wan/v2.2-5b/text-to-image,Wan Image,Alibaba,t2i,0.016,$0.016 per image,1.1,"square_hd, square, portrait_4_3, portrait_16_9, landscape_4_3, landscape_16_9",via image_size,No,No,No,No,1,"Wan-family image endpoints — strong open aesthetics, LoRA-friendly.",Image side less famous than video.,"Stills matching Wan video looks, open pipelines.",Typography.
fal-ai/wan/v2.2-a14b/image-to-image,Wan Image,Alibaba,i2i,0.05,$0.05 per image,1.1,"square_hd, square, portrait_4_3, portrait_16_9, landscape_4_3, landscape_16_9","auto, 16:9, 9:16, 1:1",Yes,No,No,No,1,"Wan-family image endpoints — strong open aesthetics, LoRA-friendly.",Image side less famous than video.,"Stills matching Wan video looks, open pipelines.",Typography.
fal-ai/wan/v2.2-a14b/text-to-image,Wan Image,Alibaba,t2i,0.025,$0.025 per image,1.1,"square_hd, square, portrait_4_3, portrait_16_9, landscape_4_3, landscape_16_9",via image_size,No,No,No,No,1,"Wan-family image endpoints — strong open aesthetics, LoRA-friendly.",Image side less famous than video.,"Stills matching Wan video looks, open pipelines.",Typography.
fal-ai/wan/v2.2-a14b/text-to-image/lora,Wan Image,Alibaba,t2i,0.05,$0.05 per image,1.1,"square_hd, square, portrait_4_3, portrait_16_9, landscape_4_3, landscape_16_9",via image_size,No,No,Yes,No,1,"Wan-family image endpoints — strong open aesthetics, LoRA-friendly.",Image side less famous than video.,"Stills matching Wan video looks, open pipelines.",Typography.
fal-ai/wan/v2.7/edit,Wan Image,Alibaba,i2i,0.03,$0.03 per image,1.1,"square_hd, square, portrait_4_3, portrait_16_9, landscape_4_3, landscape_16_9",via image_size,Yes,No,No,No,4,"Wan-family image endpoints — strong open aesthetics, LoRA-friendly.",Image side less famous than video.,"Stills matching Wan video looks, open pipelines.",Typography.
fal-ai/wan/v2.7/pro/edit,Wan Image,Alibaba,i2i,0.075,$0.075 per image,1.1,"square_hd, square, portrait_4_3, portrait_16_9, landscape_4_3, landscape_16_9",via image_size,Yes,No,No,No,4,"Wan-family image endpoints — strong open aesthetics, LoRA-friendly.",Image side less famous than video.,"Stills matching Wan video looks, open pipelines.",Typography.
fal-ai/wan/v2.7/pro/text-to-image,Wan Image,Alibaba,t2i,0.075,$0.075 per image,1.1,"square_hd, square, portrait_4_3, portrait_16_9, landscape_4_3, landscape_16_9",via image_size,No,No,No,No,5,"Wan-family image endpoints — strong open aesthetics, LoRA-friendly.",Image side less famous than video.,"Stills matching Wan video looks, open pipelines.",Typography.
fal-ai/wan/v2.7/text-to-image,Wan Image,Alibaba,t2i,0.03,$0.03 per image,1.1,"square_hd, square, portrait_4_3, portrait_16_9, landscape_4_3, landscape_16_9",via image_size,No,No,No,No,5,"Wan-family image endpoints — strong open aesthetics, LoRA-friendly.",Image side less famous than video.,"Stills matching Wan video looks, open pipelines.",Typography.
wan/v2.6/image-to-image,Wan Image,Alibaba,i2i,0.03,$0.03 per image,1.1,"square_hd, square, portrait_4_3, portrait_16_9, landscape_4_3, landscape_16_9",via image_size,Yes,No,No,No,4,"Wan-family image endpoints — strong open aesthetics, LoRA-friendly.",Image side less famous than video.,"Stills matching Wan video looks, open pipelines.",Typography.
wan/v2.6/text-to-image,Wan Image,Alibaba,t2i,0.03,$0.03 per image,1.1,"square_hd, square, portrait_4_3, portrait_16_9, landscape_4_3, landscape_16_9",via image_size,Yes,No,No,No,1,"Wan-family image endpoints — strong open aesthetics, LoRA-friendly.",Image side less famous than video.,"Stills matching Wan video looks, open pipelines.",Typography.
fal-ai/z-image/base,Z-Image,Alibaba,t2i,0.01,$0.01/MP x 1MP,1.1,"square_hd, square, portrait_4_3, portrait_16_9, landscape_4_3, landscape_16_9",via image_size,No,No,No,No,4,"#1 open-source model on Artificial Analysis (early 2026): 6B, sub-second turbo, Apache-2.0, strong CJK+Latin typography, runs on 16GB VRAM.",Small model limits complex composition and long-prompt fidelity.,"High-volume photoreal generation on a budget, self-hosted products, Chinese typography.","Complex multi-subject scenes, heavy editing workflows."
fal-ai/z-image/base/lora,Z-Image,Alibaba,t2i,0.012,$0.012/MP x 1MP,1.1,"square_hd, square, portrait_4_3, portrait_16_9, landscape_4_3, landscape_16_9",via image_size,No,No,Yes,No,4,"#1 open-source model on Artificial Analysis (early 2026): 6B, sub-second turbo, Apache-2.0, strong CJK+Latin typography, runs on 16GB VRAM.",Small model limits complex composition and long-prompt fidelity.,"High-volume photoreal generation on a budget, self-hosted products, Chinese typography.","Complex multi-subject scenes, heavy editing workflows."
fal-ai/z-image/turbo,Z-Image,Alibaba,t2i,0.005,$0.005/MP x 1MP,1.1,"square_hd, square, portrait_4_3, portrait_16_9, landscape_4_3, landscape_16_9",via image_size,No,No,No,No,4,"#1 open-source model on Artificial Analysis (early 2026): 6B, sub-second turbo, Apache-2.0, strong CJK+Latin typography, runs on 16GB VRAM.",Small model limits complex composition and long-prompt fidelity.,"High-volume photoreal generation on a budget, self-hosted products, Chinese typography.","Complex multi-subject scenes, heavy editing workflows."
fal-ai/z-image/turbo/controlnet,Z-Image,Alibaba,i2i,0.0065,$0.0065/MP x 1MP,1.1,"square_hd, square, portrait_4_3, portrait_16_9, landscape_4_3, landscape_16_9, auto",via image_size,Yes,No,No,No,4,"#1 open-source model on Artificial Analysis (early 2026): 6B, sub-second turbo, Apache-2.0, strong CJK+Latin typography, runs on 16GB VRAM.",Small model limits complex composition and long-prompt fidelity.,"High-volume photoreal generation on a budget, self-hosted products, Chinese typography.","Complex multi-subject scenes, heavy editing workflows."
fal-ai/z-image/turbo/controlnet/lora,Z-Image,Alibaba,i2i,0.01,$0.01/MP x 1MP,1.1,"square_hd, square, portrait_4_3, portrait_16_9, landscape_4_3, landscape_16_9, auto",via image_size,Yes,No,Yes,No,4,"#1 open-source model on Artificial Analysis (early 2026): 6B, sub-second turbo, Apache-2.0, strong CJK+Latin typography, runs on 16GB VRAM.",Small model limits complex composition and long-prompt fidelity.,"High-volume photoreal generation on a budget, self-hosted products, Chinese typography.","Complex multi-subject scenes, heavy editing workflows."
fal-ai/z-image/turbo/image-to-image,Z-Image,Alibaba,i2i,0.005,$0.005/MP x 1MP,1.1,"square_hd, square, portrait_4_3, portrait_16_9, landscape_4_3, landscape_16_9, auto",via image_size,Yes,No,No,No,4,"#1 open-source model on Artificial Analysis (early 2026): 6B, sub-second turbo, Apache-2.0, strong CJK+Latin typography, runs on 16GB VRAM.",Small model limits complex composition and long-prompt fidelity.,"High-volume photoreal generation on a budget, self-hosted products, Chinese typography.","Complex multi-subject scenes, heavy editing workflows."
fal-ai/z-image/turbo/image-to-image/lora,Z-Image,Alibaba,i2i,0.0085,$0.0085/MP x 1MP,1.1,"square_hd, square, portrait_4_3, portrait_16_9, landscape_4_3, landscape_16_9, auto",via image_size,Yes,No,Yes,No,4,"#1 open-source model on Artificial Analysis (early 2026): 6B, sub-second turbo, Apache-2.0, strong CJK+Latin typography, runs on 16GB VRAM.",Small model limits complex composition and long-prompt fidelity.,"High-volume photoreal generation on a budget, self-hosted products, Chinese typography.","Complex multi-subject scenes, heavy editing workflows."
fal-ai/z-image/turbo/inpaint,Z-Image,Alibaba,i2i,0.01,$0.01/MP x 1MP,1.1,"square_hd, square, portrait_4_3, portrait_16_9, landscape_4_3, landscape_16_9, auto",via image_size,Yes,Yes,No,No,4,"#1 open-source model on Artificial Analysis (early 2026): 6B, sub-second turbo, Apache-2.0, strong CJK+Latin typography, runs on 16GB VRAM.",Small model limits complex composition and long-prompt fidelity.,"High-volume photoreal generation on a budget, self-hosted products, Chinese typography.","Complex multi-subject scenes, heavy editing workflows."
fal-ai/z-image/turbo/inpaint/lora,Z-Image,Alibaba,i2i,0.0115,$0.0115/MP x 1MP,1.1,"square_hd, square, portrait_4_3, portrait_16_9, landscape_4_3, landscape_16_9, auto",via image_size,Yes,Yes,Yes,No,4,"#1 open-source model on Artificial Analysis (early 2026): 6B, sub-second turbo, Apache-2.0, strong CJK+Latin typography, runs on 16GB VRAM.",Small model limits complex composition and long-prompt fidelity.,"High-volume photoreal generation on a budget, self-hosted products, Chinese typography.","Complex multi-subject scenes, heavy editing workflows."
fal-ai/z-image/turbo/lora,Z-Image,Alibaba,t2i,0.0085,$0.0085/MP x 1MP,1.1,"square_hd, square, portrait_4_3, portrait_16_9, landscape_4_3, landscape_16_9",via image_size,No,No,Yes,No,4,"#1 open-source model on Artificial Analysis (early 2026): 6B, sub-second turbo, Apache-2.0, strong CJK+Latin typography, runs on 16GB VRAM.",Small model limits complex composition and long-prompt fidelity.,"High-volume photoreal generation on a budget, self-hosted products, Chinese typography.","Complex multi-subject scenes, heavy editing workflows."
fal-ai/z-image/turbo/tiling,Z-Image,Alibaba,t2i,0.02,$0.02/MP x 1MP,1.1,"square_hd, square, portrait_4_3, portrait_16_9, landscape_4_3, landscape_16_9, auto",via image_size,Yes,Yes,No,No,4,"#1 open-source model on Artificial Analysis (early 2026): 6B, sub-second turbo, Apache-2.0, strong CJK+Latin typography, runs on 16GB VRAM.",Small model limits complex composition and long-prompt fidelity.,"High-volume photoreal generation on a budget, self-hosted products, Chinese typography.","Complex multi-subject scenes, heavy editing workflows."
fal-ai/z-image/turbo/tiling/lora,Z-Image,Alibaba,t2i,0.025,$0.025/MP x 1MP,1.1,"square_hd, square, portrait_4_3, portrait_16_9, landscape_4_3, landscape_16_9, auto",via image_size,Yes,Yes,Yes,No,4,"#1 open-source model on Artificial Analysis (early 2026): 6B, sub-second turbo, Apache-2.0, strong CJK+Latin typography, runs on 16GB VRAM.",Small model limits complex composition and long-prompt fidelity.,"High-volume photoreal generation on a budget, self-hosted products, Chinese typography.","Complex multi-subject scenes, heavy editing workflows."
fal-ai/image-editing/age-progression,fal Editing presets,,i2i,0.04,$0.04 per image,,fixed,"21:9, 16:9, 4:3, 3:2, 1:1, 2:3, 3:4, 9:16, 9:21",Yes,No,No,No,1,"One-call task presets (background swap, relight, restyle...) — zero prompt engineering.",Preset-shaped: no fine control; quality varies by task.,Quick production fixes in automated pipelines.,Anything needing art direction.
fal-ai/image-editing/baby-version,fal Editing presets,,i2i,0.04,$0.04 per image,,fixed,"21:9, 16:9, 4:3, 3:2, 1:1, 2:3, 3:4, 9:16, 9:21",Yes,No,No,No,1,"One-call task presets (background swap, relight, restyle...) — zero prompt engineering.",Preset-shaped: no fine control; quality varies by task.,Quick production fixes in automated pipelines.,Anything needing art direction.
fal-ai/image-editing/background-change,fal Editing presets,,i2i,0.04,$0.04 per image,,fixed,"21:9, 16:9, 4:3, 3:2, 1:1, 2:3, 3:4, 9:16, 9:21",Yes,No,No,No,1,"One-call task presets (background swap, relight, restyle...) — zero prompt engineering.",Preset-shaped: no fine control; quality varies by task.,Quick production fixes in automated pipelines.,Anything needing art direction.
fal-ai/image-editing/broccoli-haircut,fal Editing presets,,i2i,0.04,$0.04 per image,,fixed,fixed,Yes,No,No,No,1,"One-call task presets (background swap, relight, restyle...) — zero prompt engineering.",Preset-shaped: no fine control; quality varies by task.,Quick production fixes in automated pipelines.,Anything needing art direction.
fal-ai/image-editing/cartoonify,fal Editing presets,,i2i,0.04,$0.04 per image,,fixed,"21:9, 16:9, 4:3, 3:2, 1:1, 2:3, 3:4, 9:16, 9:21",Yes,No,No,No,1,"One-call task presets (background swap, relight, restyle...) — zero prompt engineering.",Preset-shaped: no fine control; quality varies by task.,Quick production fixes in automated pipelines.,Anything needing art direction.
fal-ai/image-editing/color-correction,fal Editing presets,,i2i,0.04,$0.04 per image,,fixed,"21:9, 16:9, 4:3, 3:2, 1:1, 2:3, 3:4, 9:16, 9:21",Yes,No,No,No,1,"One-call task presets (background swap, relight, restyle...) — zero prompt engineering.",Preset-shaped: no fine control; quality varies by task.,Quick production fixes in automated pipelines.,Anything needing art direction.
fal-ai/image-editing/expression-change,fal Editing presets,,i2i,0.04,$0.04 per image,,fixed,"21:9, 16:9, 4:3, 3:2, 1:1, 2:3, 3:4, 9:16, 9:21",Yes,No,No,No,1,"One-call task presets (background swap, relight, restyle...) — zero prompt engineering.",Preset-shaped: no fine control; quality varies by task.,Quick production fixes in automated pipelines.,Anything needing art direction.
fal-ai/image-editing/face-enhancement,fal Editing presets,,i2i,0.04,$0.04 per image,,fixed,"21:9, 16:9, 4:3, 3:2, 1:1, 2:3, 3:4, 9:16, 9:21",Yes,No,No,No,1,"One-call task presets (background swap, relight, restyle...) — zero prompt engineering.",Preset-shaped: no fine control; quality varies by task.,Quick production fixes in automated pipelines.,Anything needing art direction.
fal-ai/image-editing/hair-change,fal Editing presets,,i2i,0.04,$0.04 per image,,fixed,"21:9, 16:9, 4:3, 3:2, 1:1, 2:3, 3:4, 9:16, 9:21",Yes,No,No,No,1,"One-call task presets (background swap, relight, restyle...) — zero prompt engineering.",Preset-shaped: no fine control; quality varies by task.,Quick production fixes in automated pipelines.,Anything needing art direction.
fal-ai/image-editing/object-removal,fal Editing presets,,i2i,0.04,$0.04 per image,,fixed,"21:9, 16:9, 4:3, 3:2, 1:1, 2:3, 3:4, 9:16, 9:21",Yes,No,No,No,1,"One-call task presets (background swap, relight, restyle...) — zero prompt engineering.",Preset-shaped: no fine control; quality varies by task.,Quick production fixes in automated pipelines.,Anything needing art direction.
fal-ai/image-editing/photo-restoration,fal Editing presets,,i2i,0.04,$0.04 per image,,fixed,"21:9, 16:9, 4:3, 3:2, 1:1, 2:3, 3:4, 9:16, 9:21",Yes,No,No,No,1,"One-call task presets (background swap, relight, restyle...) — zero prompt engineering.",Preset-shaped: no fine control; quality varies by task.,Quick production fixes in automated pipelines.,Anything needing art direction.
fal-ai/image-editing/plushie-style,fal Editing presets,,i2i,0.04,$0.04 per image,,fixed,fixed,Yes,No,No,No,1,"One-call task presets (background swap, relight, restyle...) — zero prompt engineering.",Preset-shaped: no fine control; quality varies by task.,Quick production fixes in automated pipelines.,Anything needing art direction.
fal-ai/image-editing/professional-photo,fal Editing presets,,i2i,0.04,$0.04 per image,,fixed,"21:9, 16:9, 4:3, 3:2, 1:1, 2:3, 3:4, 9:16, 9:21",Yes,No,No,No,1,"One-call task presets (background swap, relight, restyle...) — zero prompt engineering.",Preset-shaped: no fine control; quality varies by task.,Quick production fixes in automated pipelines.,Anything needing art direction.
fal-ai/image-editing/realism,fal Editing presets,,i2i,0.04,$0.04 per image,,fixed,fixed,Yes,No,No,No,1,"One-call task presets (background swap, relight, restyle...) — zero prompt engineering.",Preset-shaped: no fine control; quality varies by task.,Quick production fixes in automated pipelines.,Anything needing art direction.
fal-ai/image-editing/reframe,fal Editing presets,,i2i,0.04,$0.04 per image,,fixed,"21:9, 16:9, 4:3, 3:2, 1:1, 2:3, 3:4, 9:16, 9:21",Yes,No,No,No,1,"One-call task presets (background swap, relight, restyle...) — zero prompt engineering.",Preset-shaped: no fine control; quality varies by task.,Quick production fixes in automated pipelines.,Anything needing art direction.
fal-ai/image-editing/retouch,fal Editing presets,,i2i,0.04,$0.04 per image,,fixed,fixed,Yes,No,No,No,1,"One-call task presets (background swap, relight, restyle...) — zero prompt engineering.",Preset-shaped: no fine control; quality varies by task.,Quick production fixes in automated pipelines.,Anything needing art direction.
fal-ai/image-editing/scene-composition,fal Editing presets,,i2i,0.04,$0.04 per image,,fixed,"21:9, 16:9, 4:3, 3:2, 1:1, 2:3, 3:4, 9:16, 9:21",Yes,No,No,No,1,"One-call task presets (background swap, relight, restyle...) — zero prompt engineering.",Preset-shaped: no fine control; quality varies by task.,Quick production fixes in automated pipelines.,Anything needing art direction.
fal-ai/image-editing/style-transfer,fal Editing presets,,i2i,0.04,$0.04 per image,,fixed,"21:9, 16:9, 4:3, 3:2, 1:1, 2:3, 3:4, 9:16, 9:21",Yes,No,No,No,1,"One-call task presets (background swap, relight, restyle...) — zero prompt engineering.",Preset-shaped: no fine control; quality varies by task.,Quick production fixes in automated pipelines.,Anything needing art direction.
fal-ai/image-editing/text-removal,fal Editing presets,,i2i,0.04,$0.04 per image,,fixed,"21:9, 16:9, 4:3, 3:2, 1:1, 2:3, 3:4, 9:16, 9:21",Yes,No,No,No,1,"One-call task presets (background swap, relight, restyle...) — zero prompt engineering.",Preset-shaped: no fine control; quality varies by task.,Quick production fixes in automated pipelines.,Anything needing art direction.
fal-ai/image-editing/time-of-day,fal Editing presets,,i2i,0.04,$0.04 per image,,fixed,"21:9, 16:9, 4:3, 3:2, 1:1, 2:3, 3:4, 9:16, 9:21",Yes,No,No,No,1,"One-call task presets (background swap, relight, restyle...) — zero prompt engineering.",Preset-shaped: no fine control; quality varies by task.,Quick production fixes in automated pipelines.,Anything needing art direction.
fal-ai/image-editing/weather-effect,fal Editing presets,,i2i,0.04,$0.04 per image,,fixed,"21:9, 16:9, 4:3, 3:2, 1:1, 2:3, 3:4, 9:16, 9:21",Yes,No,No,No,1,"One-call task presets (background swap, relight, restyle...) — zero prompt engineering.",Preset-shaped: no fine control; quality varies by task.,Quick production fixes in automated pipelines.,Anything needing art direction.
fal-ai/image-editing/wojak-style,fal Editing presets,,i2i,0.04,$0.04 per image,,fixed,fixed,Yes,No,No,No,1,"One-call task presets (background swap, relight, restyle...) — zero prompt engineering.",Preset-shaped: no fine control; quality varies by task.,Quick production fixes in automated pipelines.,Anything needing art direction.
fal-ai/image-editing/youtube-thumbnails,fal Editing presets,,i2i,0.04,$0.04 per image,,fixed,fixed,Yes,No,No,No,1,"One-call task presets (background swap, relight, restyle...) — zero prompt engineering.",Preset-shaped: no fine control; quality varies by task.,Quick production fixes in automated pipelines.,Anything needing art direction.
fal-ai/image-apps-v2/age-modify,fal Image Apps,,i2i,0.04,$0.04 per image,,fixed,fixed,Yes,No,No,No,1,"Packaged consumer-style effects (headshots, avatars, filters) as single endpoints.",Novelty-grade output; opaque internals.,"Fast feature prototypes, consumer app effects.",Brand-controlled imagery.
fal-ai/image-apps-v2/city-teleport,fal Image Apps,,i2i,0.04,$0.04 per image,,fixed,fixed,No,No,No,No,1,"Packaged consumer-style effects (headshots, avatars, filters) as single endpoints.",Novelty-grade output; opaque internals.,"Fast feature prototypes, consumer app effects.",Brand-controlled imagery.
fal-ai/image-apps-v2/expression-change,fal Image Apps,,i2i,0.04,$0.04 per image,,fixed,fixed,Yes,No,No,No,1,"Packaged consumer-style effects (headshots, avatars, filters) as single endpoints.",Novelty-grade output; opaque internals.,"Fast feature prototypes, consumer app effects.",Brand-controlled imagery.
fal-ai/image-apps-v2/hair-change,fal Image Apps,,i2i,0.04,$0.04 per image,,fixed,fixed,Yes,No,No,No,1,"Packaged consumer-style effects (headshots, avatars, filters) as single endpoints.",Novelty-grade output; opaque internals.,"Fast feature prototypes, consumer app effects.",Brand-controlled imagery.
fal-ai/image-apps-v2/headshot-photo,fal Image Apps,,i2i,0.04,$0.04 per image,,fixed,fixed,Yes,No,No,No,1,"Packaged consumer-style effects (headshots, avatars, filters) as single endpoints.",Novelty-grade output; opaque internals.,"Fast feature prototypes, consumer app effects.",Brand-controlled imagery.
fal-ai/image-apps-v2/makeup-application,fal Image Apps,,i2i,0.04,$0.04 per image,,fixed,fixed,Yes,No,No,No,1,"Packaged consumer-style effects (headshots, avatars, filters) as single endpoints.",Novelty-grade output; opaque internals.,"Fast feature prototypes, consumer app effects.",Brand-controlled imagery.
fal-ai/image-apps-v2/object-removal,fal Image Apps,,i2i,0.04,$0.04 per image,,fixed,fixed,Yes,No,No,No,1,"Packaged consumer-style effects (headshots, avatars, filters) as single endpoints.",Novelty-grade output; opaque internals.,"Fast feature prototypes, consumer app effects.",Brand-controlled imagery.
fal-ai/image-apps-v2/outpaint,fal Image Apps,,i2i,0.035,$0.035/MP x 1MP,,fixed,fixed,Yes,No,No,No,4,"Packaged consumer-style effects (headshots, avatars, filters) as single endpoints.",Novelty-grade output; opaque internals.,"Fast feature prototypes, consumer app effects.",Brand-controlled imagery.
fal-ai/image-apps-v2/perspective,fal Image Apps,,i2i,0.04,$0.04 per image,,fixed,fixed,Yes,No,No,No,1,"Packaged consumer-style effects (headshots, avatars, filters) as single endpoints.",Novelty-grade output; opaque internals.,"Fast feature prototypes, consumer app effects.",Brand-controlled imagery.
fal-ai/image-apps-v2/photo-restoration,fal Image Apps,,i2i,0.04,$0.04 per image,,fixed,fixed,Yes,No,No,No,1,"Packaged consumer-style effects (headshots, avatars, filters) as single endpoints.",Novelty-grade output; opaque internals.,"Fast feature prototypes, consumer app effects.",Brand-controlled imagery.
fal-ai/image-apps-v2/photography-effects,fal Image Apps,,i2i,0.4,$0.4 per image,,fixed,fixed,Yes,No,No,No,1,"Packaged consumer-style effects (headshots, avatars, filters) as single endpoints.",Novelty-grade output; opaque internals.,"Fast feature prototypes, consumer app effects.",Brand-controlled imagery.
fal-ai/image-apps-v2/portrait-enhance,fal Image Apps,,i2i,0.4,$0.4 per image,,fixed,fixed,Yes,No,No,No,1,"Packaged consumer-style effects (headshots, avatars, filters) as single endpoints.",Novelty-grade output; opaque internals.,"Fast feature prototypes, consumer app effects.",Brand-controlled imagery.
fal-ai/image-apps-v2/product-holding,fal Image Apps,,i2i,0.04,$0.04 per image,,fixed,fixed,No,No,No,No,1,"Packaged consumer-style effects (headshots, avatars, filters) as single endpoints.",Novelty-grade output; opaque internals.,"Fast feature prototypes, consumer app effects.",Brand-controlled imagery.
fal-ai/image-apps-v2/product-photography,fal Image Apps,,i2i,0.04,$0.04 per image,,fixed,fixed,No,No,No,No,1,"Packaged consumer-style effects (headshots, avatars, filters) as single endpoints.",Novelty-grade output; opaque internals.,"Fast feature prototypes, consumer app effects.",Brand-controlled imagery.
fal-ai/image-apps-v2/relighting,fal Image Apps,,i2i,0.04,$0.04 per image,,fixed,fixed,Yes,No,No,No,1,"Packaged consumer-style effects (headshots, avatars, filters) as single endpoints.",Novelty-grade output; opaque internals.,"Fast feature prototypes, consumer app effects.",Brand-controlled imagery.
fal-ai/image-apps-v2/style-transfer,fal Image Apps,,i2i,0.04,$0.04 per image,,fixed,fixed,Yes,No,No,No,1,"Packaged consumer-style effects (headshots, avatars, filters) as single endpoints.",Novelty-grade output; opaque internals.,"Fast feature prototypes, consumer app effects.",Brand-controlled imagery.
fal-ai/image-apps-v2/texture-transform,fal Image Apps,,i2i,0.04,$0.04 per image,,fixed,fixed,Yes,No,No,No,1,"Packaged consumer-style effects (headshots, avatars, filters) as single endpoints.",Novelty-grade output; opaque internals.,"Fast feature prototypes, consumer app effects.",Brand-controlled imagery.
fal-ai/image-apps-v2/virtual-try-on,fal Image Apps,,i2i,0.04,$0.04 per image,,fixed,fixed,No,No,No,No,1,"Packaged consumer-style effects (headshots, avatars, filters) as single endpoints.",Novelty-grade output; opaque internals.,"Fast feature prototypes, consumer app effects.",Brand-controlled imagery.
